[2025-22:50:43.193][INFO ][com.voltriver.demo.VoltriverDemoApplication.logStarting:line53] [thread: main] [time: 22:50:43] - Starting VoltriverDemoApplication using Java 17.0.6 with PID 19772 (C:\DEV\sts4_workspace\VoltriverDemo\target\classes started by Administrator in C:\DEV\sts4_workspace\VoltriverDemo)
[2025-22:50:43.204][DEBUG][com.voltriver.demo.VoltriverDemoApplication.logStarting:line54] [thread: main] [time: 22:50:43] - Running with Spring Boot v3.4.2, Spring v6.2.2
[2025-22:50:43.206][INFO ][com.voltriver.demo.VoltriverDemoApplication.logStartupProfileInfo:line652] [thread: main] [time: 22:50:43] - No active profile set, falling back to 1 default profile: "default"
[2025-22:50:43.207][DEBUG][org.springframework.boot.SpringApplication.load:line685] [thread: main] [time: 22:50:43] - Loading source class com.voltriver.demo.VoltriverDemoApplication
[2025-22:50:43.252][DEBUG][org.springframework.boot.web.servlet.context.AnnotationConfigServletWebServerApplicationContext.prepareRefresh:line674] [thread: main] [time: 22:50:43] - Refreshing org.springframework.boot.web.servlet.context.AnnotationConfigServletWebServerApplicationContext@68f1b17f
[2025-22:50:43.270][DEBUG][org.springframework.beans.factory.support.DefaultListableBeanFactory.getSingleton:line280] [thread: main] [time: 22:50:43] - Creating shared instance of singleton bean 'org.springframework.context.annotation.internalConfigurationAnnotationProcessor'
[2025-22:50:43.284][DEBUG][org.springframework.beans.factory.support.DefaultListableBeanFactory.getSingleton:line280] [thread: main] [time: 22:50:43] - Creating shared instance of singleton bean 'org.springframework.boot.autoconfigure.internalCachingMetadataReaderFactory'
[2025-22:50:43.329][DEBUG][org.springframework.context.annotation.ClassPathBeanDefinitionScanner.scanCandidateComponents:line476] [thread: main] [time: 22:50:43] - Identified candidate component class: file [C:\DEV\sts4_workspace\VoltriverDemo\target\classes\com\voltriver\demo\EMailValidator.class]
[2025-22:50:43.331][DEBUG][org.springframework.context.annotation.ClassPathBeanDefinitionScanner.scanCandidateComponents:line476] [thread: main] [time: 22:50:43] - Identified candidate component class: file [C:\DEV\sts4_workspace\VoltriverDemo\target\classes\com\voltriver\demo\MailSenderRunner.class]
[2025-22:50:43.782][DEBUG][org.springframework.beans.factory.support.DefaultListableBeanFactory.getSingleton:line280] [thread: main] [time: 22:50:43] - Creating shared instance of singleton bean 'propertySourcesPlaceholderConfigurer'
[2025-22:50:43.792][DEBUG][org.springframework.beans.factory.support.DefaultListableBeanFactory.getSingleton:line280] [thread: main] [time: 22:50:43] - Creating shared instance of singleton bean 'org.springframework.boot.sql.init.dependency.DatabaseInitializationDependencyConfigurer$DependsOnDatabaseInitializationPostProcessor'
[2025-22:50:43.799][DEBUG][org.springframework.beans.factory.support.DefaultListableBeanFactory.getSingleton:line280] [thread: main] [time: 22:50:43] - Creating shared instance of singleton bean 'org.springframework.context.event.internalEventListenerProcessor'
[2025-22:50:43.802][DEBUG][org.springframework.beans.factory.support.DefaultListableBeanFactory.getSingleton:line280] [thread: main] [time: 22:50:43] - Creating shared instance of singleton bean 'preserveErrorControllerTargetClassPostProcessor'
[2025-22:50:43.804][DEBUG][org.springframework.beans.factory.support.DefaultListableBeanFactory.getSingleton:line280] [thread: main] [time: 22:50:43] - Creating shared instance of singleton bean 'forceAutoProxyCreatorToUseClassProxying'
[2025-22:50:43.808][DEBUG][org.springframework.beans.factory.support.DefaultListableBeanFactory.getSingleton:line280] [thread: main] [time: 22:50:43] - Creating shared instance of singleton bean 'org.springframework.context.event.internalEventListenerFactory'
[2025-22:50:43.816][DEBUG][org.springframework.beans.factory.support.DefaultListableBeanFactory.getSingleton:line280] [thread: main] [time: 22:50:43] - Creating shared instance of singleton bean 'org.springframework.context.annotation.internalAutowiredAnnotationProcessor'
[2025-22:50:43.819][DEBUG][org.springframework.beans.factory.support.DefaultListableBeanFactory.getSingleton:line280] [thread: main] [time: 22:50:43] - Creating shared instance of singleton bean 'org.springframework.context.annotation.internalCommonAnnotationProcessor'
[2025-22:50:43.824][DEBUG][org.springframework.beans.factory.support.DefaultListableBeanFactory.getSingleton:line280] [thread: main] [time: 22:50:43] - Creating shared instance of singleton bean 'org.springframework.boot.context.properties.ConfigurationPropertiesBindingPostProcessor'
[2025-22:50:43.824][DEBUG][org.springframework.beans.factory.support.DefaultListableBeanFactory.getSingleton:line280] [thread: main] [time: 22:50:43] - Creating shared instance of singleton bean 'org.springframework.boot.context.internalConfigurationPropertiesBinder'
[2025-22:50:43.827][DEBUG][org.springframework.beans.factory.support.DefaultListableBeanFactory.getSingleton:line280] [thread: main] [time: 22:50:43] - Creating shared instance of singleton bean 'org.springframework.aop.config.internalAutoProxyCreator'
[2025-22:50:43.844][DEBUG][org.springframework.beans.factory.support.DefaultListableBeanFactory.getSingleton:line280] [thread: main] [time: 22:50:43] - Creating shared instance of singleton bean 'webServerFactoryCustomizerBeanPostProcessor'
[2025-22:50:43.845][DEBUG][org.springframework.beans.factory.support.DefaultListableBeanFactory.getSingleton:line280] [thread: main] [time: 22:50:43] - Creating shared instance of singleton bean 'errorPageRegistrarBeanPostProcessor'
[2025-22:50:43.850][DEBUG][org.springframework.ui.context.support.UiApplicationContextUtils.initThemeSource:line86] [thread: main] [time: 22:50:43] - Unable to locate ThemeSource with name 'themeSource': using default [org.springframework.ui.context.support.ResourceBundleThemeSource@783efb48]
[2025-22:50:43.851][DEBUG][org.springframework.beans.factory.support.DefaultListableBeanFactory.getSingleton:line280] [thread: main] [time: 22:50:43] - Creating shared instance of singleton bean 'tomcatServletWebServerFactory'
[2025-22:50:43.852][DEBUG][org.springframework.beans.factory.support.DefaultListableBeanFactory.getSingleton:line280] [thread: main] [time: 22:50:43] - Creating shared instance of singleton bean 'org.springframework.boot.autoconfigure.web.servlet.ServletWebServerFactoryConfiguration$EmbeddedTomcat'
[2025-22:50:43.896][DEBUG][org.apache.catalina.core.AprLifecycleListener.log:line175] [thread: main] [time: 22:50:43] - The Apache Tomcat Native library could not be found using names [tcnative-2, libtcnative-2, tcnative-1, libtcnative-1] on the java.library.path [C:\DEV\jdk-17.0.6\bin;C:\WINDOWS\Sun\Java\bin;C:\WINDOWS\system32;C:\WINDOWS;C:/DEV/sts-4.27.0.RELEASE//plugins/org.eclipse.justj.openjdk.hotspot.jre.full.win32.x86_64_21.0.5.v20241023-1957/jre/bin/server;C:/DEV/sts-4.27.0.RELEASE//plugins/org.eclipse.justj.openjdk.hotspot.jre.full.win32.x86_64_21.0.5.v20241023-1957/jre/bin;C:\WINDOWS\system32;C:\WINDOWS;C:\WINDOWS\System32\Wbem;C:\WINDOWS\System32\WindowsPowerShell\v1.0\;C:\WINDOWS\System32\OpenSSH\;C:\Program Files\dotnet\;C:\Program Files (x86)\ePapyrus\Papyrus-PlugIn-web;C:\Program Files (x86)\ePapyrus\Papyrus-PlugIn-web\Addins;C:\Program Files\TortoiseSVN\bin;C:\DEV2\gradle-8.12\bin;C:\Program Files\Microsoft VS Code\bin;C:\Program Files\Git\cmd;C:\Users\Administrator\AppData\Local\Microsoft\WindowsApps;C:\Users\Administrator\.dotnet\tools;C:\DEV2\IntelliJ IDEA 2023.1.2\bin;;;C:\DEV\sts-4.27.0.RELEASE;;.]. The errors reported were [Can't load library: C:\DEV\sts4_workspace\VoltriverDemo\bin\tcnative-2.dll, Can't load library: C:\DEV\sts4_workspace\VoltriverDemo\bin\libtcnative-2.dll, Can't load library: C:\DEV\sts4_workspace\VoltriverDemo\bin\tcnative-1.dll, Can't load library: C:\DEV\sts4_workspace\VoltriverDemo\bin\libtcnative-1.dll, no tcnative-2 in java.library.path: C:\DEV\jdk-17.0.6\bin;C:\WINDOWS\Sun\Java\bin;C:\WINDOWS\system32;C:\WINDOWS;C:/DEV/sts-4.27.0.RELEASE//plugins/org.eclipse.justj.openjdk.hotspot.jre.full.win32.x86_64_21.0.5.v20241023-1957/jre/bin/server;C:/DEV/sts-4.27.0.RELEASE//plugins/org.eclipse.justj.openjdk.hotspot.jre.full.win32.x86_64_21.0.5.v20241023-1957/jre/bin;C:\WINDOWS\system32;C:\WINDOWS;C:\WINDOWS\System32\Wbem;C:\WINDOWS\System32\WindowsPowerShell\v1.0\;C:\WINDOWS\System32\OpenSSH\;C:\Program Files\dotnet\;C:\Program Files (x86)\ePapyrus\Papyrus-PlugIn-web;C:\Program Files (x86)\ePapyrus\Papyrus-PlugIn-web\Addins;C:\Program Files\TortoiseSVN\bin;C:\DEV2\gradle-8.12\bin;C:\Program Files\Microsoft VS Code\bin;C:\Program Files\Git\cmd;C:\Users\Administrator\AppData\Local\Microsoft\WindowsApps;C:\Users\Administrator\.dotnet\tools;C:\DEV2\IntelliJ IDEA 2023.1.2\bin;;;C:\DEV\sts-4.27.0.RELEASE;;., no libtcnative-2 in java.library.path: C:\DEV\jdk-17.0.6\bin;C:\WINDOWS\Sun\Java\bin;C:\WINDOWS\system32;C:\WINDOWS;C:/DEV/sts-4.27.0.RELEASE//plugins/org.eclipse.justj.openjdk.hotspot.jre.full.win32.x86_64_21.0.5.v20241023-1957/jre/bin/server;C:/DEV/sts-4.27.0.RELEASE//plugins/org.eclipse.justj.openjdk.hotspot.jre.full.win32.x86_64_21.0.5.v20241023-1957/jre/bin;C:\WINDOWS\system32;C:\WINDOWS;C:\WINDOWS\System32\Wbem;C:\WINDOWS\System32\WindowsPowerShell\v1.0\;C:\WINDOWS\System32\OpenSSH\;C:\Program Files\dotnet\;C:\Program Files (x86)\ePapyrus\Papyrus-PlugIn-web;C:\Program Files (x86)\ePapyrus\Papyrus-PlugIn-web\Addins;C:\Program Files\TortoiseSVN\bin;C:\DEV2\gradle-8.12\bin;C:\Program Files\Microsoft VS Code\bin;C:\Program Files\Git\cmd;C:\Users\Administrator\AppData\Local\Microsoft\WindowsApps;C:\Users\Administrator\.dotnet\tools;C:\DEV2\IntelliJ IDEA 2023.1.2\bin;;;C:\DEV\sts-4.27.0.RELEASE;;., no tcnative-1 in java.library.path: C:\DEV\jdk-17.0.6\bin;C:\WINDOWS\Sun\Java\bin;C:\WINDOWS\system32;C:\WINDOWS;C:/DEV/sts-4.27.0.RELEASE//plugins/org.eclipse.justj.openjdk.hotspot.jre.full.win32.x86_64_21.0.5.v20241023-1957/jre/bin/server;C:/DEV/sts-4.27.0.RELEASE//plugins/org.eclipse.justj.openjdk.hotspot.jre.full.win32.x86_64_21.0.5.v20241023-1957/jre/bin;C:\WINDOWS\system32;C:\WINDOWS;C:\WINDOWS\System32\Wbem;C:\WINDOWS\System32\WindowsPowerShell\v1.0\;C:\WINDOWS\System32\OpenSSH\;C:\Program Files\dotnet\;C:\Program Files (x86)\ePapyrus\Papyrus-PlugIn-web;C:\Program Files (x86)\ePapyrus\Papyrus-PlugIn-web\Addins;C:\Program Files\TortoiseSVN\bin;C:\DEV2\gradle-8.12\bin;C:\Program Files\Microsoft VS Code\bin;C:\Program Files\Git\cmd;C:\Users\Administrator\AppData\Local\Microsoft\WindowsApps;C:\Users\Administrator\.dotnet\tools;C:\DEV2\IntelliJ IDEA 2023.1.2\bin;;;C:\DEV\sts-4.27.0.RELEASE;;., no libtcnative-1 in java.library.path: C:\DEV\jdk-17.0.6\bin;C:\WINDOWS\Sun\Java\bin;C:\WINDOWS\system32;C:\WINDOWS;C:/DEV/sts-4.27.0.RELEASE//plugins/org.eclipse.justj.openjdk.hotspot.jre.full.win32.x86_64_21.0.5.v20241023-1957/jre/bin/server;C:/DEV/sts-4.27.0.RELEASE//plugins/org.eclipse.justj.openjdk.hotspot.jre.full.win32.x86_64_21.0.5.v20241023-1957/jre/bin;C:\WINDOWS\system32;C:\WINDOWS;C:\WINDOWS\System32\Wbem;C:\WINDOWS\System32\WindowsPowerShell\v1.0\;C:\WINDOWS\System32\OpenSSH\;C:\Program Files\dotnet\;C:\Program Files (x86)\ePapyrus\Papyrus-PlugIn-web;C:\Program Files (x86)\ePapyrus\Papyrus-PlugIn-web\Addins;C:\Program Files\TortoiseSVN\bin;C:\DEV2\gradle-8.12\bin;C:\Program Files\Microsoft VS Code\bin;C:\Program Files\Git\cmd;C:\Users\Administrator\AppData\Local\Microsoft\WindowsApps;C:\Users\Administrator\.dotnet\tools;C:\DEV2\IntelliJ IDEA 2023.1.2\bin;;;C:\DEV\sts-4.27.0.RELEASE;;.]
org.apache.tomcat.jni.LibraryNotFoundError: Can't load library: C:\DEV\sts4_workspace\VoltriverDemo\bin\tcnative-2.dll, Can't load library: C:\DEV\sts4_workspace\VoltriverDemo\bin\libtcnative-2.dll, Can't load library: C:\DEV\sts4_workspace\VoltriverDemo\bin\tcnative-1.dll, Can't load library: C:\DEV\sts4_workspace\VoltriverDemo\bin\libtcnative-1.dll, no tcnative-2 in java.library.path: C:\DEV\jdk-17.0.6\bin;C:\WINDOWS\Sun\Java\bin;C:\WINDOWS\system32;C:\WINDOWS;C:/DEV/sts-4.27.0.RELEASE//plugins/org.eclipse.justj.openjdk.hotspot.jre.full.win32.x86_64_21.0.5.v20241023-1957/jre/bin/server;C:/DEV/sts-4.27.0.RELEASE//plugins/org.eclipse.justj.openjdk.hotspot.jre.full.win32.x86_64_21.0.5.v20241023-1957/jre/bin;C:\WINDOWS\system32;C:\WINDOWS;C:\WINDOWS\System32\Wbem;C:\WINDOWS\System32\WindowsPowerShell\v1.0\;C:\WINDOWS\System32\OpenSSH\;C:\Program Files\dotnet\;C:\Program Files (x86)\ePapyrus\Papyrus-PlugIn-web;C:\Program Files (x86)\ePapyrus\Papyrus-PlugIn-web\Addins;C:\Program Files\TortoiseSVN\bin;C:\DEV2\gradle-8.12\bin;C:\Program Files\Microsoft VS Code\bin;C:\Program Files\Git\cmd;C:\Users\Administrator\AppData\Local\Microsoft\WindowsApps;C:\Users\Administrator\.dotnet\tools;C:\DEV2\IntelliJ IDEA 2023.1.2\bin;;;C:\DEV\sts-4.27.0.RELEASE;;., no libtcnative-2 in java.library.path: C:\DEV\jdk-17.0.6\bin;C:\WINDOWS\Sun\Java\bin;C:\WINDOWS\system32;C:\WINDOWS;C:/DEV/sts-4.27.0.RELEASE//plugins/org.eclipse.justj.openjdk.hotspot.jre.full.win32.x86_64_21.0.5.v20241023-1957/jre/bin/server;C:/DEV/sts-4.27.0.RELEASE//plugins/org.eclipse.justj.openjdk.hotspot.jre.full.win32.x86_64_21.0.5.v20241023-1957/jre/bin;C:\WINDOWS\system32;C:\WINDOWS;C:\WINDOWS\System32\Wbem;C:\WINDOWS\System32\WindowsPowerShell\v1.0\;C:\WINDOWS\System32\OpenSSH\;C:\Program Files\dotnet\;C:\Program Files (x86)\ePapyrus\Papyrus-PlugIn-web;C:\Program Files (x86)\ePapyrus\Papyrus-PlugIn-web\Addins;C:\Program Files\TortoiseSVN\bin;C:\DEV2\gradle-8.12\bin;C:\Program Files\Microsoft VS Code\bin;C:\Program Files\Git\cmd;C:\Users\Administrator\AppData\Local\Microsoft\WindowsApps;C:\Users\Administrator\.dotnet\tools;C:\DEV2\IntelliJ IDEA 2023.1.2\bin;;;C:\DEV\sts-4.27.0.RELEASE;;., no tcnative-1 in java.library.path: C:\DEV\jdk-17.0.6\bin;C:\WINDOWS\Sun\Java\bin;C:\WINDOWS\system32;C:\WINDOWS;C:/DEV/sts-4.27.0.RELEASE//plugins/org.eclipse.justj.openjdk.hotspot.jre.full.win32.x86_64_21.0.5.v20241023-1957/jre/bin/server;C:/DEV/sts-4.27.0.RELEASE//plugins/org.eclipse.justj.openjdk.hotspot.jre.full.win32.x86_64_21.0.5.v20241023-1957/jre/bin;C:\WINDOWS\system32;C:\WINDOWS;C:\WINDOWS\System32\Wbem;C:\WINDOWS\System32\WindowsPowerShell\v1.0\;C:\WINDOWS\System32\OpenSSH\;C:\Program Files\dotnet\;C:\Program Files (x86)\ePapyrus\Papyrus-PlugIn-web;C:\Program Files (x86)\ePapyrus\Papyrus-PlugIn-web\Addins;C:\Program Files\TortoiseSVN\bin;C:\DEV2\gradle-8.12\bin;C:\Program Files\Microsoft VS Code\bin;C:\Program Files\Git\cmd;C:\Users\Administrator\AppData\Local\Microsoft\WindowsApps;C:\Users\Administrator\.dotnet\tools;C:\DEV2\IntelliJ IDEA 2023.1.2\bin;;;C:\DEV\sts-4.27.0.RELEASE;;., no libtcnative-1 in java.library.path: C:\DEV\jdk-17.0.6\bin;C:\WINDOWS\Sun\Java\bin;C:\WINDOWS\system32;C:\WINDOWS;C:/DEV/sts-4.27.0.RELEASE//plugins/org.eclipse.justj.openjdk.hotspot.jre.full.win32.x86_64_21.0.5.v20241023-1957/jre/bin/server;C:/DEV/sts-4.27.0.RELEASE//plugins/org.eclipse.justj.openjdk.hotspot.jre.full.win32.x86_64_21.0.5.v20241023-1957/jre/bin;C:\WINDOWS\system32;C:\WINDOWS;C:\WINDOWS\System32\Wbem;C:\WINDOWS\System32\WindowsPowerShell\v1.0\;C:\WINDOWS\System32\OpenSSH\;C:\Program Files\dotnet\;C:\Program Files (x86)\ePapyrus\Papyrus-PlugIn-web;C:\Program Files (x86)\ePapyrus\Papyrus-PlugIn-web\Addins;C:\Program Files\TortoiseSVN\bin;C:\DEV2\gradle-8.12\bin;C:\Program Files\Microsoft VS Code\bin;C:\Program Files\Git\cmd;C:\Users\Administrator\AppData\Local\Microsoft\WindowsApps;C:\Users\Administrator\.dotnet\tools;C:\DEV2\IntelliJ IDEA 2023.1.2\bin;;;C:\DEV\sts-4.27.0.RELEASE;;.
	at org.apache.tomcat.jni.Library.<init>(Library.java:91)
	at org.apache.tomcat.jni.Library.initialize(Library.java:147)
	at org.apache.catalina.core.AprLifecycleListener.init(AprLifecycleListener.java:211)
	at org.apache.catalina.core.AprLifecycleListener.isAprAvailable(AprLifecycleListener.java:113)
	at org.springframework.boot.web.embedded.tomcat.TomcatServletWebServerFactory.getDefaultServerLifecycleListeners(TomcatServletWebServerFactory.java:191)
	at org.springframework.boot.web.embedded.tomcat.TomcatServletWebServerFactory.<init>(TomcatServletWebServerFactory.java:138)
	at org.springframework.boot.autoconfigure.web.servlet.ServletWebServerFactoryConfiguration$EmbeddedTomcat.tomcatServletWebServerFactory(ServletWebServerFactoryConfiguration.java:73)
	at java.base/jdk.internal.reflect.NativeMethodAccessorImpl.invoke0(Native Method)
	at java.base/jdk.internal.reflect.NativeMethodAccessorImpl.invoke(NativeMethodAccessorImpl.java:77)
	at java.base/jdk.internal.reflect.DelegatingMethodAccessorImpl.invoke(DelegatingMethodAccessorImpl.java:43)
	at java.base/java.lang.reflect.Method.invoke(Method.java:568)
	at org.springframework.beans.factory.support.SimpleInstantiationStrategy.lambda$instantiate$0(SimpleInstantiationStrategy.java:171)
	at org.springframework.beans.factory.support.SimpleInstantiationStrategy.instantiateWithFactoryMethod(SimpleInstantiationStrategy.java:88)
	at org.springframework.beans.factory.support.SimpleInstantiationStrategy.instantiate(SimpleInstantiationStrategy.java:168)
	at org.springframework.beans.factory.support.ConstructorResolver.instantiate(ConstructorResolver.java:653)
	at org.springframework.beans.factory.support.ConstructorResolver.instantiateUsingFactoryMethod(ConstructorResolver.java:645)
	at org.springframework.beans.factory.support.AbstractAutowireCapableBeanFactory.instantiateUsingFactoryMethod(AbstractAutowireCapableBeanFactory.java:1361)
	at org.springframework.beans.factory.support.AbstractAutowireCapableBeanFactory.createBeanInstance(AbstractAutowireCapableBeanFactory.java:1191)
	at org.springframework.beans.factory.support.AbstractAutowireCapableBeanFactory.doCreateBean(AbstractAutowireCapableBeanFactory.java:563)
	at org.springframework.beans.factory.support.AbstractAutowireCapableBeanFactory.createBean(AbstractAutowireCapableBeanFactory.java:523)
	at org.springframework.beans.factory.support.AbstractBeanFactory.lambda$doGetBean$0(AbstractBeanFactory.java:336)
	at org.springframework.beans.factory.support.DefaultSingletonBeanRegistry.getSingleton(DefaultSingletonBeanRegistry.java:307)
	at org.springframework.beans.factory.support.AbstractBeanFactory.doGetBean(AbstractBeanFactory.java:334)
	at org.springframework.beans.factory.support.AbstractBeanFactory.getBean(AbstractBeanFactory.java:204)
	at org.springframework.boot.web.servlet.context.ServletWebServerApplicationContext.getWebServerFactory(ServletWebServerApplicationContext.java:223)
	at org.springframework.boot.web.servlet.context.ServletWebServerApplicationContext.createWebServer(ServletWebServerApplicationContext.java:186)
	at org.springframework.boot.web.servlet.context.ServletWebServerApplicationContext.onRefresh(ServletWebServerApplicationContext.java:162)
	at org.springframework.context.support.AbstractApplicationContext.refresh(AbstractApplicationContext.java:621)
	at org.springframework.boot.web.servlet.context.ServletWebServerApplicationContext.refresh(ServletWebServerApplicationContext.java:146)
	at org.springframework.boot.SpringApplication.refresh(SpringApplication.java:752)
	at org.springframework.boot.SpringApplication.refreshContext(SpringApplication.java:439)
	at org.springframework.boot.SpringApplication.run(SpringApplication.java:318)
	at org.springframework.boot.SpringApplication.run(SpringApplication.java:1361)
	at org.springframework.boot.SpringApplication.run(SpringApplication.java:1350)
	at com.voltriver.demo.VoltriverDemoApplication.main(VoltriverDemoApplication.java:13)
[2025-22:50:43.916][DEBUG][org.springframework.beans.factory.support.DefaultListableBeanFactory.getSingleton:line280] [thread: main] [time: 22:50:43] - Creating shared instance of singleton bean 'websocketServletWebServerCustomizer'
[2025-22:50:43.917][DEBUG][org.springframework.beans.factory.support.DefaultListableBeanFactory.getSingleton:line280] [thread: main] [time: 22:50:43] - Creating shared instance of singleton bean 'org.springframework.boot.autoconfigure.websocket.servlet.WebSocketServletAutoConfiguration$TomcatWebSocketConfiguration'
[2025-22:50:43.920][DEBUG][org.springframework.beans.factory.support.DefaultListableBeanFactory.getSingleton:line280] [thread: main] [time: 22:50:43] - Creating shared instance of singleton bean 'servletWebServerFactoryCustomizer'
[2025-22:50:43.921][DEBUG][org.springframework.beans.factory.support.DefaultListableBeanFactory.getSingleton:line280] [thread: main] [time: 22:50:43] - Creating shared instance of singleton bean 'org.springframework.boot.autoconfigure.web.servlet.ServletWebServerFactoryAutoConfiguration'
[2025-22:50:43.929][DEBUG][org.springframework.beans.factory.support.DefaultListableBeanFactory.getSingleton:line280] [thread: main] [time: 22:50:43] - Creating shared instance of singleton bean 'server-org.springframework.boot.autoconfigure.web.ServerProperties'
[2025-22:50:43.939][DEBUG][org.springframework.beans.factory.support.DefaultListableBeanFactory.getSingleton:line280] [thread: main] [time: 22:50:43] - Creating shared instance of singleton bean 'org.springframework.boot.context.properties.BoundConfigurationProperties'
[2025-22:50:43.949][DEBUG][org.springframework.beans.factory.support.DefaultListableBeanFactory.registerDependentBeans:line954] [thread: main] [time: 22:50:43] - Autowiring by type from bean name 'servletWebServerFactoryCustomizer' via factory method to bean named 'server-org.springframework.boot.autoconfigure.web.ServerProperties'
[2025-22:50:43.951][DEBUG][org.springframework.beans.factory.support.DefaultListableBeanFactory.getSingleton:line280] [thread: main] [time: 22:50:43] - Creating shared instance of singleton bean 'sslBundleRegistry'
[2025-22:50:43.951][DEBUG][org.springframework.beans.factory.support.DefaultListableBeanFactory.getSingleton:line280] [thread: main] [time: 22:50:43] - Creating shared instance of singleton bean 'org.springframework.boot.autoconfigure.ssl.SslAutoConfiguration'
[2025-22:50:43.953][DEBUG][org.springframework.beans.factory.support.DefaultListableBeanFactory.getSingleton:line280] [thread: main] [time: 22:50:43] - Creating shared instance of singleton bean 'spring.ssl-org.springframework.boot.autoconfigure.ssl.SslProperties'
[2025-22:50:43.956][DEBUG][org.springframework.beans.factory.support.DefaultListableBeanFactory.registerDependentBeans:line954] [thread: main] [time: 22:50:43] - Autowiring by type from bean name 'org.springframework.boot.autoconfigure.ssl.SslAutoConfiguration' via constructor to bean named 'org.springframework.boot.web.servlet.context.AnnotationConfigServletWebServerApplicationContext@68f1b17f'
[2025-22:50:43.956][DEBUG][org.springframework.beans.factory.support.DefaultListableBeanFactory.registerDependentBeans:line954] [thread: main] [time: 22:50:43] - Autowiring by type from bean name 'org.springframework.boot.autoconfigure.ssl.SslAutoConfiguration' via constructor to bean named 'spring.ssl-org.springframework.boot.autoconfigure.ssl.SslProperties'
[2025-22:50:43.960][DEBUG][org.springframework.beans.factory.support.DefaultListableBeanFactory.getSingleton:line280] [thread: main] [time: 22:50:43] - Creating shared instance of singleton bean 'sslPropertiesSslBundleRegistrar'
[2025-22:50:43.961][DEBUG][org.springframework.beans.factory.support.DefaultListableBeanFactory.getSingleton:line280] [thread: main] [time: 22:50:43] - Creating shared instance of singleton bean 'fileWatcher'
[2025-22:50:43.962][DEBUG][org.springframework.beans.factory.support.DefaultListableBeanFactory.registerDependentBeans:line954] [thread: main] [time: 22:50:43] - Autowiring by type from bean name 'sslPropertiesSslBundleRegistrar' via factory method to bean named 'fileWatcher'
[2025-22:50:43.969][DEBUG][org.springframework.beans.factory.support.DefaultListableBeanFactory.getSingleton:line280] [thread: main] [time: 22:50:43] - Creating shared instance of singleton bean 'tomcatServletWebServerFactoryCustomizer'
[2025-22:50:43.970][DEBUG][org.springframework.beans.factory.support.DefaultListableBeanFactory.registerDependentBeans:line954] [thread: main] [time: 22:50:43] - Autowiring by type from bean name 'tomcatServletWebServerFactoryCustomizer' via factory method to bean named 'server-org.springframework.boot.autoconfigure.web.ServerProperties'
[2025-22:50:43.971][DEBUG][org.springframework.beans.factory.support.DefaultListableBeanFactory.getSingleton:line280] [thread: main] [time: 22:50:43] - Creating shared instance of singleton bean 'tomcatWebServerFactoryCustomizer'
[2025-22:50:43.972][DEBUG][org.springframework.beans.factory.support.DefaultListableBeanFactory.getSingleton:line280] [thread: main] [time: 22:50:43] - Creating shared instance of singleton bean 'org.springframework.boot.autoconfigure.web.embedded.EmbeddedWebServerFactoryCustomizerAutoConfiguration$TomcatWebServerFactoryCustomizerConfiguration'
[2025-22:50:43.973][DEBUG][org.springframework.beans.factory.support.DefaultListableBeanFactory.registerDependentBeans:line954] [thread: main] [time: 22:50:43] - Autowiring by type from bean name 'tomcatWebServerFactoryCustomizer' via factory method to bean named 'environment'
[2025-22:50:43.975][DEBUG][org.springframework.beans.factory.support.DefaultListableBeanFactory.registerDependentBeans:line954] [thread: main] [time: 22:50:43] - Autowiring by type from bean name 'tomcatWebServerFactoryCustomizer' via factory method to bean named 'server-org.springframework.boot.autoconfigure.web.ServerProperties'
[2025-22:50:43.977][DEBUG][org.springframework.beans.factory.support.DefaultListableBeanFactory.getSingleton:line280] [thread: main] [time: 22:50:43] - Creating shared instance of singleton bean 'localeCharsetMappingsCustomizer'
[2025-22:50:43.977][DEBUG][org.springframework.beans.factory.support.DefaultListableBeanFactory.getSingleton:line280] [thread: main] [time: 22:50:43] - Creating shared instance of singleton bean 'org.springframework.boot.autoconfigure.web.servlet.HttpEncodingAutoConfiguration'
[2025-22:50:43.978][DEBUG][org.springframework.beans.factory.support.DefaultListableBeanFactory.registerDependentBeans:line954] [thread: main] [time: 22:50:43] - Autowiring by type from bean name 'org.springframework.boot.autoconfigure.web.servlet.HttpEncodingAutoConfiguration' via constructor to bean named 'server-org.springframework.boot.autoconfigure.web.ServerProperties'
[2025-22:50:44.008][DEBUG][org.springframework.beans.factory.support.DefaultListableBeanFactory.getSingleton:line280] [thread: main] [time: 22:50:44] - Creating shared instance of singleton bean 'errorPageCustomizer'
[2025-22:50:44.009][DEBUG][org.springframework.beans.factory.support.DefaultListableBeanFactory.getSingleton:line280] [thread: main] [time: 22:50:44] - Creating shared instance of singleton bean 'org.springframework.boot.autoconfigure.web.servlet.error.ErrorMvcAutoConfiguration'
[2025-22:50:44.009][DEBUG][org.springframework.beans.factory.support.DefaultListableBeanFactory.registerDependentBeans:line954] [thread: main] [time: 22:50:44] - Autowiring by type from bean name 'org.springframework.boot.autoconfigure.web.servlet.error.ErrorMvcAutoConfiguration' via constructor to bean named 'server-org.springframework.boot.autoconfigure.web.ServerProperties'
[2025-22:50:44.011][DEBUG][org.springframework.beans.factory.support.DefaultListableBeanFactory.getSingleton:line280] [thread: main] [time: 22:50:44] - Creating shared instance of singleton bean 'dispatcherServletRegistration'
[2025-22:50:44.011][DEBUG][org.springframework.beans.factory.support.DefaultListableBeanFactory.getSingleton:line280] [thread: main] [time: 22:50:44] - Creating shared instance of singleton bean 'org.springframework.boot.autoconfigure.web.servlet.DispatcherServletAutoConfiguration$DispatcherServletRegistrationConfiguration'
[2025-22:50:44.013][DEBUG][org.springframework.beans.factory.support.DefaultListableBeanFactory.getSingleton:line280] [thread: main] [time: 22:50:44] - Creating shared instance of singleton bean 'dispatcherServlet'
[2025-22:50:44.014][DEBUG][org.springframework.beans.factory.support.DefaultListableBeanFactory.getSingleton:line280] [thread: main] [time: 22:50:44] - Creating shared instance of singleton bean 'org.springframework.boot.autoconfigure.web.servlet.DispatcherServletAutoConfiguration$DispatcherServletConfiguration'
[2025-22:50:44.016][DEBUG][org.springframework.beans.factory.support.DefaultListableBeanFactory.getSingleton:line280] [thread: main] [time: 22:50:44] - Creating shared instance of singleton bean 'spring.mvc-org.springframework.boot.autoconfigure.web.servlet.WebMvcProperties'
[2025-22:50:44.020][DEBUG][org.springframework.beans.factory.support.DefaultListableBeanFactory.registerDependentBeans:line954] [thread: main] [time: 22:50:44] - Autowiring by type from bean name 'dispatcherServlet' via factory method to bean named 'spring.mvc-org.springframework.boot.autoconfigure.web.servlet.WebMvcProperties'
[2025-22:50:44.033][DEBUG][org.springframework.beans.factory.support.DefaultListableBeanFactory.registerDependentBeans:line954] [thread: main] [time: 22:50:44] - Autowiring by type from bean name 'dispatcherServletRegistration' via factory method to bean named 'dispatcherServlet'
[2025-22:50:44.033][DEBUG][org.springframework.beans.factory.support.DefaultListableBeanFactory.registerDependentBeans:line954] [thread: main] [time: 22:50:44] - Autowiring by type from bean name 'dispatcherServletRegistration' via factory method to bean named 'spring.mvc-org.springframework.boot.autoconfigure.web.servlet.WebMvcProperties'
[2025-22:50:44.036][DEBUG][org.springframework.beans.factory.support.DefaultListableBeanFactory.getSingleton:line280] [thread: main] [time: 22:50:44] - Creating shared instance of singleton bean 'multipartConfigElement'
[2025-22:50:44.037][DEBUG][org.springframework.beans.factory.support.DefaultListableBeanFactory.getSingleton:line280] [thread: main] [time: 22:50:44] - Creating shared instance of singleton bean 'org.springframework.boot.autoconfigure.web.servlet.MultipartAutoConfiguration'
[2025-22:50:44.038][DEBUG][org.springframework.beans.factory.support.DefaultListableBeanFactory.getSingleton:line280] [thread: main] [time: 22:50:44] - Creating shared instance of singleton bean 'spring.servlet.multipart-org.springframework.boot.autoconfigure.web.servlet.MultipartProperties'
[2025-22:50:44.043][DEBUG][org.springframework.beans.factory.support.DefaultListableBeanFactory.registerDependentBeans:line954] [thread: main] [time: 22:50:44] - Autowiring by type from bean name 'org.springframework.boot.autoconfigure.web.servlet.MultipartAutoConfiguration' via constructor to bean named 'spring.servlet.multipart-org.springframework.boot.autoconfigure.web.servlet.MultipartProperties'
[2025-22:50:44.047][DEBUG][org.springframework.beans.factory.support.DefaultListableBeanFactory.registerDependentBeans:line954] [thread: main] [time: 22:50:44] - Autowiring by type from bean name 'errorPageCustomizer' via factory method to bean named 'dispatcherServletRegistration'
[2025-22:50:44.063][DEBUG][org.apache.tomcat.util.compat.Jre19Compat.log:line175] [thread: main] [time: 22:50:44] - Class not found so assuming code is running on a pre-Java 19 JVM
java.lang.ClassNotFoundException: java.lang.WrongThreadException
	at java.base/jdk.internal.loader.BuiltinClassLoader.loadClass(BuiltinClassLoader.java:641)
	at java.base/jdk.internal.loader.ClassLoaders$AppClassLoader.loadClass(ClassLoaders.java:188)
	at java.base/java.lang.ClassLoader.loadClass(ClassLoader.java:520)
	at java.base/java.lang.Class.forName0(Native Method)
	at java.base/java.lang.Class.forName(Class.java:375)
	at org.apache.tomcat.util.compat.Jre19Compat.<clinit>(Jre19Compat.java:37)
	at org.apache.tomcat.util.compat.JreCompat.<clinit>(JreCompat.java:60)
	at org.apache.catalina.startup.Tomcat.<clinit>(Tomcat.java:1193)
	at org.springframework.boot.web.embedded.tomcat.TomcatServletWebServerFactory.getWebServer(TomcatServletWebServerFactory.java:203)
	at org.springframework.boot.web.servlet.context.ServletWebServerApplicationContext.createWebServer(ServletWebServerApplicationContext.java:188)
	at org.springframework.boot.web.servlet.context.ServletWebServerApplicationContext.onRefresh(ServletWebServerApplicationContext.java:162)
	at org.springframework.context.support.AbstractApplicationContext.refresh(AbstractApplicationContext.java:621)
	at org.springframework.boot.web.servlet.context.ServletWebServerApplicationContext.refresh(ServletWebServerApplicationContext.java:146)
	at org.springframework.boot.SpringApplication.refresh(SpringApplication.java:752)
	at org.springframework.boot.SpringApplication.refreshContext(SpringApplication.java:439)
	at org.springframework.boot.SpringApplication.run(SpringApplication.java:318)
	at org.springframework.boot.SpringApplication.run(SpringApplication.java:1361)
	at org.springframework.boot.SpringApplication.run(SpringApplication.java:1350)
	at com.voltriver.demo.VoltriverDemoApplication.main(VoltriverDemoApplication.java:13)
[2025-22:50:44.064][DEBUG][org.apache.tomcat.util.compat.Jre21Compat.log:line175] [thread: main] [time: 22:50:44] - Class not found so assuming code is running on a pre-Java 21 JVM
java.lang.ClassNotFoundException: java.lang.Thread$Builder
	at java.base/jdk.internal.loader.BuiltinClassLoader.loadClass(BuiltinClassLoader.java:641)
	at java.base/jdk.internal.loader.ClassLoaders$AppClassLoader.loadClass(ClassLoaders.java:188)
	at java.base/java.lang.ClassLoader.loadClass(ClassLoader.java:520)
	at java.base/java.lang.Class.forName0(Native Method)
	at java.base/java.lang.Class.forName(Class.java:375)
	at org.apache.tomcat.util.compat.Jre21Compat.<clinit>(Jre21Compat.java:49)
	at org.apache.tomcat.util.compat.JreCompat.<clinit>(JreCompat.java:60)
	at org.apache.catalina.startup.Tomcat.<clinit>(Tomcat.java:1193)
	at org.springframework.boot.web.embedded.tomcat.TomcatServletWebServerFactory.getWebServer(TomcatServletWebServerFactory.java:203)
	at org.springframework.boot.web.servlet.context.ServletWebServerApplicationContext.createWebServer(ServletWebServerApplicationContext.java:188)
	at org.springframework.boot.web.servlet.context.ServletWebServerApplicationContext.onRefresh(ServletWebServerApplicationContext.java:162)
	at org.springframework.context.support.AbstractApplicationContext.refresh(AbstractApplicationContext.java:621)
	at org.springframework.boot.web.servlet.context.ServletWebServerApplicationContext.refresh(ServletWebServerApplicationContext.java:146)
	at org.springframework.boot.SpringApplication.refresh(SpringApplication.java:752)
	at org.springframework.boot.SpringApplication.refreshContext(SpringApplication.java:439)
	at org.springframework.boot.SpringApplication.run(SpringApplication.java:318)
	at org.springframework.boot.SpringApplication.run(SpringApplication.java:1361)
	at org.springframework.boot.SpringApplication.run(SpringApplication.java:1350)
	at com.voltriver.demo.VoltriverDemoApplication.main(VoltriverDemoApplication.java:13)
[2025-22:50:44.065][DEBUG][org.apache.tomcat.util.compat.Jre22Compat.log:line175] [thread: main] [time: 22:50:44] - Class not found so assuming code is running on a pre-Java 22 JVM
java.lang.ClassNotFoundException: java.text.ListFormat
	at java.base/jdk.internal.loader.BuiltinClassLoader.loadClass(BuiltinClassLoader.java:641)
	at java.base/jdk.internal.loader.ClassLoaders$AppClassLoader.loadClass(ClassLoaders.java:188)
	at java.base/java.lang.ClassLoader.loadClass(ClassLoader.java:520)
	at java.base/java.lang.Class.forName0(Native Method)
	at java.base/java.lang.Class.forName(Class.java:375)
	at org.apache.tomcat.util.compat.Jre22Compat.<clinit>(Jre22Compat.java:37)
	at org.apache.tomcat.util.compat.JreCompat.<clinit>(JreCompat.java:60)
	at org.apache.catalina.startup.Tomcat.<clinit>(Tomcat.java:1193)
	at org.springframework.boot.web.embedded.tomcat.TomcatServletWebServerFactory.getWebServer(TomcatServletWebServerFactory.java:203)
	at org.springframework.boot.web.servlet.context.ServletWebServerApplicationContext.createWebServer(ServletWebServerApplicationContext.java:188)
	at org.springframework.boot.web.servlet.context.ServletWebServerApplicationContext.onRefresh(ServletWebServerApplicationContext.java:162)
	at org.springframework.context.support.AbstractApplicationContext.refresh(AbstractApplicationContext.java:621)
	at org.springframework.boot.web.servlet.context.ServletWebServerApplicationContext.refresh(ServletWebServerApplicationContext.java:146)
	at org.springframework.boot.SpringApplication.refresh(SpringApplication.java:752)
	at org.springframework.boot.SpringApplication.refreshContext(SpringApplication.java:439)
	at org.springframework.boot.SpringApplication.run(SpringApplication.java:318)
	at org.springframework.boot.SpringApplication.run(SpringApplication.java:1361)
	at org.springframework.boot.SpringApplication.run(SpringApplication.java:1350)
	at com.voltriver.demo.VoltriverDemoApplication.main(VoltriverDemoApplication.java:13)
[2025-22:50:44.360][DEBUG][org.apache.catalina.core.ContainerBase.log:line173] [thread: main] [time: 22:50:44] - Add container child [StandardHost[localhost]] to container [StandardEngine[Tomcat]]
[2025-22:50:44.360][DEBUG][org.springframework.boot.web.embedded.tomcat.TomcatServletWebServerFactory.getArchiveFileDocumentRoot:line81] [thread: main] [time: 22:50:44] - Code archive: C:\DEV\maven_repository\org\springframework\boot\spring-boot\3.4.2\spring-boot-3.4.2.jar
[2025-22:50:44.361][DEBUG][org.springframework.boot.web.embedded.tomcat.TomcatServletWebServerFactory.getExplodedWarFileDocumentRoot:line125] [thread: main] [time: 22:50:44] - Code archive: C:\DEV\maven_repository\org\springframework\boot\spring-boot\3.4.2\spring-boot-3.4.2.jar
[2025-22:50:44.363][DEBUG][org.springframework.boot.web.embedded.tomcat.TomcatServletWebServerFactory.logNoDocumentRoots:line149] [thread: main] [time: 22:50:44] - None of the document roots [src/main/webapp, public, static] point to a directory and will be ignored.
[2025-22:50:44.384][DEBUG][org.apache.catalina.core.ContainerBase.log:line173] [thread: main] [time: 22:50:44] - Add container child [TomcatEmbeddedContext[]] to container [StandardEngine[Tomcat].StandardHost[localhost]]
[2025-22:50:44.389][INFO ][org.springframework.boot.web.embedded.tomcat.TomcatWebServer.initialize:line111] [thread: main] [time: 22:50:44] - Tomcat initialized with port 8080 (http)
[2025-22:50:44.404][INFO ][org.apache.catalina.core.StandardService.log:line173] [thread: main] [time: 22:50:44] - Starting service [Tomcat]
[2025-22:50:44.404][INFO ][org.apache.catalina.core.StandardEngine.log:line173] [thread: main] [time: 22:50:44] - Starting Servlet engine: [Apache Tomcat/10.1.34]
[2025-22:50:44.424][DEBUG][org.apache.catalina.loader.WebappLoader.log:line173] [thread: main] [time: 22:50:44] - Starting this Loader
[2025-22:50:44.430][DEBUG][org.apache.catalina.webresources.Cache.log:line173] [thread: main] [time: 22:50:44] - Increased cache size by [532] for item [org.apache.catalina.webresources.CachedResource@459cfcca] at [/WEB-INF/classes] making total cache size [532]
[2025-22:50:44.466][DEBUG][org.apache.catalina.core.StandardContext.log:line173] [thread: main] [time: 22:50:44] - No manager found. Checking if cluster manager should be used. Cluster configured: [false], Application distributable: [false]
[2025-22:50:44.472][DEBUG][org.apache.catalina.core.StandardContext.log:line173] [thread: main] [time: 22:50:44] - Configured a manager of class [org.apache.catalina.session.StandardManager]
[2025-22:50:44.480][INFO ][org.apache.catalina.core.ContainerBase.[Tomcat].[localhost].[/].log:line173] [thread: main] [time: 22:50:44] - Initializing Spring embedded WebApplicationContext
[2025-22:50:44.480][DEBUG][org.springframework.boot.web.servlet.context.ServletWebServerApplicationContext.prepareWebApplicationContext:line290] [thread: main] [time: 22:50:44] - Published root WebApplicationContext as ServletContext attribute with name [org.springframework.web.context.WebApplicationContext.ROOT]
[2025-22:50:44.481][INFO ][org.springframework.boot.web.servlet.context.ServletWebServerApplicationContext.prepareWebApplicationContext:line296] [thread: main] [time: 22:50:44] - Root WebApplicationContext: initialization completed in 1228 ms
[2025-22:50:44.487][DEBUG][org.springframework.beans.factory.support.DefaultListableBeanFactory.getSingleton:line280] [thread: main] [time: 22:50:44] - Creating shared instance of singleton bean 'requestContextFilter'
[2025-22:50:44.489][DEBUG][org.springframework.beans.factory.support.DefaultListableBeanFactory.getSingleton:line280] [thread: main] [time: 22:50:44] - Creating shared instance of singleton bean 'formContentFilter'
[2025-22:50:44.489][DEBUG][org.springframework.beans.factory.support.DefaultListableBeanFactory.getSingleton:line280] [thread: main] [time: 22:50:44] - Creating shared instance of singleton bean 'org.springframework.boot.autoconfigure.web.servlet.WebMvcAutoConfiguration'
[2025-22:50:44.493][DEBUG][org.springframework.beans.factory.support.DefaultListableBeanFactory.getSingleton:line280] [thread: main] [time: 22:50:44] - Creating shared instance of singleton bean 'characterEncodingFilter'
[2025-22:50:44.499][DEBUG][org.springframework.boot.web.servlet.ServletContextInitializerBeans.logMappings:line235] [thread: main] [time: 22:50:44] - Mapping filters: characterEncodingFilter urls=[/*] order=-2147483648, formContentFilter urls=[/*] order=-9900, requestContextFilter urls=[/*] order=-105
[2025-22:50:44.499][DEBUG][org.springframework.boot.web.servlet.ServletContextInitializerBeans.logMappings:line235] [thread: main] [time: 22:50:44] - Mapping servlets: dispatcherServlet urls=[/]
[2025-22:50:44.503][DEBUG][org.apache.catalina.core.ContainerBase.log:line173] [thread: main] [time: 22:50:44] - Add container child [StandardWrapper[dispatcherServlet]] to container [StandardEngine[Tomcat].StandardHost[localhost].TomcatEmbeddedContext[]]
[2025-22:50:44.524][DEBUG][org.springframework.boot.web.servlet.filter.OrderedRequestContextFilter.init:line240] [thread: main] [time: 22:50:44] - Filter 'requestContextFilter' configured for use
[2025-22:50:44.528][DEBUG][org.springframework.boot.web.servlet.filter.OrderedCharacterEncodingFilter.init:line240] [thread: main] [time: 22:50:44] - Filter 'characterEncodingFilter' configured for use
[2025-22:50:44.528][DEBUG][org.springframework.boot.web.servlet.filter.OrderedFormContentFilter.init:line240] [thread: main] [time: 22:50:44] - Filter 'formContentFilter' configured for use
[2025-22:50:44.533][DEBUG][org.apache.catalina.mapper.Mapper.log:line173] [thread: main] [time: 22:50:44] - Registered host [localhost]
[2025-22:50:44.533][DEBUG][org.apache.catalina.mapper.MapperListener.log:line173] [thread: main] [time: 22:50:44] - Register Wrapper [dispatcherServlet] in Context [] for service [StandardService[Tomcat]]
[2025-22:50:44.533][DEBUG][org.apache.catalina.mapper.MapperListener.log:line173] [thread: main] [time: 22:50:44] - Register Context [] for service [StandardService[Tomcat]]
[2025-22:50:44.533][DEBUG][org.apache.catalina.mapper.MapperListener.log:line173] [thread: main] [time: 22:50:44] - Register host [localhost] at domain [null] for service [StandardService[Tomcat]]
[2025-22:50:44.540][DEBUG][org.springframework.beans.factory.support.DefaultListableBeanFactory.getSingleton:line280] [thread: main] [time: 22:50:44] - Creating shared instance of singleton bean 'voltriverDemoApplication'
[2025-22:50:44.542][DEBUG][org.springframework.beans.factory.support.DefaultListableBeanFactory.getSingleton:line280] [thread: main] [time: 22:50:44] - Creating shared instance of singleton bean 'EMailValidator'
[2025-22:50:44.543][DEBUG][org.springframework.beans.factory.support.DefaultListableBeanFactory.getSingleton:line280] [thread: main] [time: 22:50:44] - Creating shared instance of singleton bean 'mailSenderRunner'
[2025-22:50:44.543][DEBUG][org.springframework.beans.factory.support.DefaultListableBeanFactory.getSingleton:line280] [thread: main] [time: 22:50:44] - Creating shared instance of singleton bean 'mailSender'
[2025-22:50:44.543][DEBUG][org.springframework.beans.factory.support.DefaultListableBeanFactory.getSingleton:line280] [thread: main] [time: 22:50:44] - Creating shared instance of singleton bean 'org.springframework.boot.autoconfigure.mail.MailSenderPropertiesConfiguration'
[2025-22:50:44.545][DEBUG][org.springframework.beans.factory.support.DefaultListableBeanFactory.getSingleton:line280] [thread: main] [time: 22:50:44] - Creating shared instance of singleton bean 'spring.mail-org.springframework.boot.autoconfigure.mail.MailProperties'
[2025-22:50:44.550][DEBUG][org.springframework.beans.factory.support.DefaultListableBeanFactory.registerDependentBeans:line954] [thread: main] [time: 22:50:44] - Autowiring by type from bean name 'mailSender' via factory method to bean named 'spring.mail-org.springframework.boot.autoconfigure.mail.MailProperties'
[2025-22:50:44.556][DEBUG][jakarta.activation.log:line43] [thread: main] [time: 22:50:44] - MimetypesFileTypeMap: load HOME
[2025-22:50:44.558][DEBUG][jakarta.activation.getSystemProperty:line105] [thread: main] [time: 22:50:44] - Checking system property jakarta.activation.spi.MimeTypeRegistryProvider
[2025-22:50:44.559][DEBUG][jakarta.activation.logFound:line120] [thread: main] [time: 22:50:44] -   not found
[2025-22:50:44.560][DEBUG][jakarta.activation.firstByServiceLoader:line30] [thread: main] [time: 22:50:44] - Using java.util.ServiceLoader to find jakarta.activation.spi.MimeTypeRegistryProvider
[2025-22:50:44.562][DEBUG][jakarta.activation.firstByServiceLoader:line36] [thread: main] [time: 22:50:44] - ServiceProvider loading Facility used; returning object [org.eclipse.angus.activation.MimeTypeRegistryProviderImpl]
[2025-22:50:44.563][DEBUG][jakarta.activation.log:line49] [thread: main] [time: 22:50:44] - MimeTypeRegistry: can't load from file - C:\Users\Administrator\.mime.types
java.io.FileNotFoundException: C:\Users\Administrator\.mime.types (지정된 파일을 찾을 수 없습니다)
	at java.base/java.io.FileInputStream.open0(Native Method)
	at java.base/java.io.FileInputStream.open(FileInputStream.java:216)
	at java.base/java.io.FileInputStream.<init>(FileInputStream.java:157)
	at java.base/java.io.FileReader.<init>(FileReader.java:75)
	at org.eclipse.angus.activation.MimeTypeFile.<init>(MimeTypeFile.java:47)
	at org.eclipse.angus.activation.MimeTypeRegistryProviderImpl.getByFileName(MimeTypeRegistryProviderImpl.java:28)
	at jakarta.activation.MimetypesFileTypeMap.loadFile(MimetypesFileTypeMap.java:263)
	at jakarta.activation.MimetypesFileTypeMap.<init>(MimetypesFileTypeMap.java:107)
	at jakarta.activation.MimetypesFileTypeMap.<init>(MimetypesFileTypeMap.java:305)
	at org.springframework.mail.javamail.ConfigurableMimeFileTypeMap.createFileTypeMap(ConfigurableMimeFileTypeMap.java:150)
	at org.springframework.mail.javamail.ConfigurableMimeFileTypeMap.getFileTypeMap(ConfigurableMimeFileTypeMap.java:123)
	at org.springframework.mail.javamail.ConfigurableMimeFileTypeMap.afterPropertiesSet(ConfigurableMimeFileTypeMap.java:110)
	at org.springframework.mail.javamail.JavaMailSenderImpl.<init>(JavaMailSenderImpl.java:114)
	at org.springframework.boot.autoconfigure.mail.MailSenderPropertiesConfiguration.mailSender(MailSenderPropertiesConfiguration.java:49)
	at java.base/jdk.internal.reflect.NativeMethodAccessorImpl.invoke0(Native Method)
	at java.base/jdk.internal.reflect.NativeMethodAccessorImpl.invoke(NativeMethodAccessorImpl.java:77)
	at java.base/jdk.internal.reflect.DelegatingMethodAccessorImpl.invoke(DelegatingMethodAccessorImpl.java:43)
	at java.base/java.lang.reflect.Method.invoke(Method.java:568)
	at org.springframework.beans.factory.support.SimpleInstantiationStrategy.lambda$instantiate$0(SimpleInstantiationStrategy.java:171)
	at org.springframework.beans.factory.support.SimpleInstantiationStrategy.instantiateWithFactoryMethod(SimpleInstantiationStrategy.java:88)
	at org.springframework.beans.factory.support.SimpleInstantiationStrategy.instantiate(SimpleInstantiationStrategy.java:168)
	at org.springframework.beans.factory.support.ConstructorResolver.instantiate(ConstructorResolver.java:653)
	at org.springframework.beans.factory.support.ConstructorResolver.instantiateUsingFactoryMethod(ConstructorResolver.java:645)
	at org.springframework.beans.factory.support.AbstractAutowireCapableBeanFactory.instantiateUsingFactoryMethod(AbstractAutowireCapableBeanFactory.java:1361)
	at org.springframework.beans.factory.support.AbstractAutowireCapableBeanFactory.createBeanInstance(AbstractAutowireCapableBeanFactory.java:1191)
	at org.springframework.beans.factory.support.AbstractAutowireCapableBeanFactory.doCreateBean(AbstractAutowireCapableBeanFactory.java:563)
	at org.springframework.beans.factory.support.AbstractAutowireCapableBeanFactory.createBean(AbstractAutowireCapableBeanFactory.java:523)
	at org.springframework.beans.factory.support.AbstractBeanFactory.lambda$doGetBean$0(AbstractBeanFactory.java:336)
	at org.springframework.beans.factory.support.DefaultSingletonBeanRegistry.getSingleton(DefaultSingletonBeanRegistry.java:307)
	at org.springframework.beans.factory.support.AbstractBeanFactory.doGetBean(AbstractBeanFactory.java:334)
	at org.springframework.beans.factory.support.AbstractBeanFactory.getBean(AbstractBeanFactory.java:199)
	at org.springframework.beans.factory.support.DefaultListableBeanFactory.doResolveDependency(DefaultListableBeanFactory.java:1573)
	at org.springframework.beans.factory.support.DefaultListableBeanFactory.resolveDependency(DefaultListableBeanFactory.java:1519)
	at org.springframework.beans.factory.support.ConstructorResolver.resolveAutowiredArgument(ConstructorResolver.java:913)
	at org.springframework.beans.factory.support.ConstructorResolver.createArgumentArray(ConstructorResolver.java:791)
	at org.springframework.beans.factory.support.ConstructorResolver.autowireConstructor(ConstructorResolver.java:240)
	at org.springframework.beans.factory.support.AbstractAutowireCapableBeanFactory.autowireConstructor(AbstractAutowireCapableBeanFactory.java:1381)
	at org.springframework.beans.factory.support.AbstractAutowireCapableBeanFactory.createBeanInstance(AbstractAutowireCapableBeanFactory.java:1218)
	at org.springframework.beans.factory.support.AbstractAutowireCapableBeanFactory.doCreateBean(AbstractAutowireCapableBeanFactory.java:563)
	at org.springframework.beans.factory.support.AbstractAutowireCapableBeanFactory.createBean(AbstractAutowireCapableBeanFactory.java:523)
	at org.springframework.beans.factory.support.AbstractBeanFactory.lambda$doGetBean$0(AbstractBeanFactory.java:336)
	at org.springframework.beans.factory.support.DefaultSingletonBeanRegistry.getSingleton(DefaultSingletonBeanRegistry.java:307)
	at org.springframework.beans.factory.support.AbstractBeanFactory.doGetBean(AbstractBeanFactory.java:334)
	at org.springframework.beans.factory.support.AbstractBeanFactory.getBean(AbstractBeanFactory.java:199)
	at org.springframework.beans.factory.support.DefaultListableBeanFactory.instantiateSingleton(DefaultListableBeanFactory.java:1122)
	at org.springframework.beans.factory.support.DefaultListableBeanFactory.preInstantiateSingleton(DefaultListableBeanFactory.java:1093)
	at org.springframework.beans.factory.support.DefaultListableBeanFactory.preInstantiateSingletons(DefaultListableBeanFactory.java:1030)
	at org.springframework.context.support.AbstractApplicationContext.finishBeanFactoryInitialization(AbstractApplicationContext.java:987)
	at org.springframework.context.support.AbstractApplicationContext.refresh(AbstractApplicationContext.java:627)
	at org.springframework.boot.web.servlet.context.ServletWebServerApplicationContext.refresh(ServletWebServerApplicationContext.java:146)
	at org.springframework.boot.SpringApplication.refresh(SpringApplication.java:752)
	at org.springframework.boot.SpringApplication.refreshContext(SpringApplication.java:439)
	at org.springframework.boot.SpringApplication.run(SpringApplication.java:318)
	at org.springframework.boot.SpringApplication.run(SpringApplication.java:1361)
	at org.springframework.boot.SpringApplication.run(SpringApplication.java:1350)
	at com.voltriver.demo.VoltriverDemoApplication.main(VoltriverDemoApplication.java:13)
[2025-22:50:44.566][DEBUG][jakarta.activation.log:line43] [thread: main] [time: 22:50:44] - MimetypesFileTypeMap: load SYS
[2025-22:50:44.568][DEBUG][jakarta.activation.getSystemProperty:line105] [thread: main] [time: 22:50:44] - Checking system property jakarta.activation.spi.MimeTypeRegistryProvider
[2025-22:50:44.569][DEBUG][jakarta.activation.logFound:line120] [thread: main] [time: 22:50:44] -   not found
[2025-22:50:44.569][DEBUG][jakarta.activation.firstByServiceLoader:line30] [thread: main] [time: 22:50:44] - Using java.util.ServiceLoader to find jakarta.activation.spi.MimeTypeRegistryProvider
[2025-22:50:44.571][DEBUG][jakarta.activation.firstByServiceLoader:line36] [thread: main] [time: 22:50:44] - ServiceProvider loading Facility used; returning object [org.eclipse.angus.activation.MimeTypeRegistryProviderImpl]
[2025-22:50:44.572][DEBUG][jakarta.activation.log:line49] [thread: main] [time: 22:50:44] - MimeTypeRegistry: can't load from file - C:\DEV\jdk-17.0.6\conf\mime.types
java.io.FileNotFoundException: C:\DEV\jdk-17.0.6\conf\mime.types (지정된 파일을 찾을 수 없습니다)
	at java.base/java.io.FileInputStream.open0(Native Method)
	at java.base/java.io.FileInputStream.open(FileInputStream.java:216)
	at java.base/java.io.FileInputStream.<init>(FileInputStream.java:157)
	at java.base/java.io.FileReader.<init>(FileReader.java:75)
	at org.eclipse.angus.activation.MimeTypeFile.<init>(MimeTypeFile.java:47)
	at org.eclipse.angus.activation.MimeTypeRegistryProviderImpl.getByFileName(MimeTypeRegistryProviderImpl.java:28)
	at jakarta.activation.MimetypesFileTypeMap.loadFile(MimetypesFileTypeMap.java:263)
	at jakarta.activation.MimetypesFileTypeMap.<init>(MimetypesFileTypeMap.java:120)
	at jakarta.activation.MimetypesFileTypeMap.<init>(MimetypesFileTypeMap.java:305)
	at org.springframework.mail.javamail.ConfigurableMimeFileTypeMap.createFileTypeMap(ConfigurableMimeFileTypeMap.java:150)
	at org.springframework.mail.javamail.ConfigurableMimeFileTypeMap.getFileTypeMap(ConfigurableMimeFileTypeMap.java:123)
	at org.springframework.mail.javamail.ConfigurableMimeFileTypeMap.afterPropertiesSet(ConfigurableMimeFileTypeMap.java:110)
	at org.springframework.mail.javamail.JavaMailSenderImpl.<init>(JavaMailSenderImpl.java:114)
	at org.springframework.boot.autoconfigure.mail.MailSenderPropertiesConfiguration.mailSender(MailSenderPropertiesConfiguration.java:49)
	at java.base/jdk.internal.reflect.NativeMethodAccessorImpl.invoke0(Native Method)
	at java.base/jdk.internal.reflect.NativeMethodAccessorImpl.invoke(NativeMethodAccessorImpl.java:77)
	at java.base/jdk.internal.reflect.DelegatingMethodAccessorImpl.invoke(DelegatingMethodAccessorImpl.java:43)
	at java.base/java.lang.reflect.Method.invoke(Method.java:568)
	at org.springframework.beans.factory.support.SimpleInstantiationStrategy.lambda$instantiate$0(SimpleInstantiationStrategy.java:171)
	at org.springframework.beans.factory.support.SimpleInstantiationStrategy.instantiateWithFactoryMethod(SimpleInstantiationStrategy.java:88)
	at org.springframework.beans.factory.support.SimpleInstantiationStrategy.instantiate(SimpleInstantiationStrategy.java:168)
	at org.springframework.beans.factory.support.ConstructorResolver.instantiate(ConstructorResolver.java:653)
	at org.springframework.beans.factory.support.ConstructorResolver.instantiateUsingFactoryMethod(ConstructorResolver.java:645)
	at org.springframework.beans.factory.support.AbstractAutowireCapableBeanFactory.instantiateUsingFactoryMethod(AbstractAutowireCapableBeanFactory.java:1361)
	at org.springframework.beans.factory.support.AbstractAutowireCapableBeanFactory.createBeanInstance(AbstractAutowireCapableBeanFactory.java:1191)
	at org.springframework.beans.factory.support.AbstractAutowireCapableBeanFactory.doCreateBean(AbstractAutowireCapableBeanFactory.java:563)
	at org.springframework.beans.factory.support.AbstractAutowireCapableBeanFactory.createBean(AbstractAutowireCapableBeanFactory.java:523)
	at org.springframework.beans.factory.support.AbstractBeanFactory.lambda$doGetBean$0(AbstractBeanFactory.java:336)
	at org.springframework.beans.factory.support.DefaultSingletonBeanRegistry.getSingleton(DefaultSingletonBeanRegistry.java:307)
	at org.springframework.beans.factory.support.AbstractBeanFactory.doGetBean(AbstractBeanFactory.java:334)
	at org.springframework.beans.factory.support.AbstractBeanFactory.getBean(AbstractBeanFactory.java:199)
	at org.springframework.beans.factory.support.DefaultListableBeanFactory.doResolveDependency(DefaultListableBeanFactory.java:1573)
	at org.springframework.beans.factory.support.DefaultListableBeanFactory.resolveDependency(DefaultListableBeanFactory.java:1519)
	at org.springframework.beans.factory.support.ConstructorResolver.resolveAutowiredArgument(ConstructorResolver.java:913)
	at org.springframework.beans.factory.support.ConstructorResolver.createArgumentArray(ConstructorResolver.java:791)
	at org.springframework.beans.factory.support.ConstructorResolver.autowireConstructor(ConstructorResolver.java:240)
	at org.springframework.beans.factory.support.AbstractAutowireCapableBeanFactory.autowireConstructor(AbstractAutowireCapableBeanFactory.java:1381)
	at org.springframework.beans.factory.support.AbstractAutowireCapableBeanFactory.createBeanInstance(AbstractAutowireCapableBeanFactory.java:1218)
	at org.springframework.beans.factory.support.AbstractAutowireCapableBeanFactory.doCreateBean(AbstractAutowireCapableBeanFactory.java:563)
	at org.springframework.beans.factory.support.AbstractAutowireCapableBeanFactory.createBean(AbstractAutowireCapableBeanFactory.java:523)
	at org.springframework.beans.factory.support.AbstractBeanFactory.lambda$doGetBean$0(AbstractBeanFactory.java:336)
	at org.springframework.beans.factory.support.DefaultSingletonBeanRegistry.getSingleton(DefaultSingletonBeanRegistry.java:307)
	at org.springframework.beans.factory.support.AbstractBeanFactory.doGetBean(AbstractBeanFactory.java:334)
	at org.springframework.beans.factory.support.AbstractBeanFactory.getBean(AbstractBeanFactory.java:199)
	at org.springframework.beans.factory.support.DefaultListableBeanFactory.instantiateSingleton(DefaultListableBeanFactory.java:1122)
	at org.springframework.beans.factory.support.DefaultListableBeanFactory.preInstantiateSingleton(DefaultListableBeanFactory.java:1093)
	at org.springframework.beans.factory.support.DefaultListableBeanFactory.preInstantiateSingletons(DefaultListableBeanFactory.java:1030)
	at org.springframework.context.support.AbstractApplicationContext.finishBeanFactoryInitialization(AbstractApplicationContext.java:987)
	at org.springframework.context.support.AbstractApplicationContext.refresh(AbstractApplicationContext.java:627)
	at org.springframework.boot.web.servlet.context.ServletWebServerApplicationContext.refresh(ServletWebServerApplicationContext.java:146)
	at org.springframework.boot.SpringApplication.refresh(SpringApplication.java:752)
	at org.springframework.boot.SpringApplication.refreshContext(SpringApplication.java:439)
	at org.springframework.boot.SpringApplication.run(SpringApplication.java:318)
	at org.springframework.boot.SpringApplication.run(SpringApplication.java:1361)
	at org.springframework.boot.SpringApplication.run(SpringApplication.java:1350)
	at com.voltriver.demo.VoltriverDemoApplication.main(VoltriverDemoApplication.java:13)
[2025-22:50:44.574][DEBUG][jakarta.activation.log:line43] [thread: main] [time: 22:50:44] - MimetypesFileTypeMap: load JAR
[2025-22:50:44.576][DEBUG][jakarta.activation.log:line43] [thread: main] [time: 22:50:44] - MimetypesFileTypeMap: !anyLoaded
[2025-22:50:44.577][DEBUG][jakarta.activation.log:line43] [thread: main] [time: 22:50:44] - MimetypesFileTypeMap: not loading mime types file: /META-INF/mime.types
[2025-22:50:44.578][DEBUG][jakarta.activation.log:line43] [thread: main] [time: 22:50:44] - MimetypesFileTypeMap: load DEF
[2025-22:50:44.579][DEBUG][jakarta.activation.getSystemProperty:line105] [thread: main] [time: 22:50:44] - Checking system property jakarta.activation.spi.MimeTypeRegistryProvider
[2025-22:50:44.579][DEBUG][jakarta.activation.logFound:line120] [thread: main] [time: 22:50:44] -   not found
[2025-22:50:44.579][DEBUG][jakarta.activation.firstByServiceLoader:line30] [thread: main] [time: 22:50:44] - Using java.util.ServiceLoader to find jakarta.activation.spi.MimeTypeRegistryProvider
[2025-22:50:44.581][DEBUG][jakarta.activation.firstByServiceLoader:line36] [thread: main] [time: 22:50:44] - ServiceProvider loading Facility used; returning object [org.eclipse.angus.activation.MimeTypeRegistryProviderImpl]
[2025-22:50:44.583][DEBUG][angus.activation.log:line46] [thread: main] [time: 22:50:44] - Added: MIMETypeEntry: text/html, html
[2025-22:50:44.584][DEBUG][angus.activation.log:line46] [thread: main] [time: 22:50:44] - Added: MIMETypeEntry: text/html, htm
[2025-22:50:44.585][DEBUG][angus.activation.log:line46] [thread: main] [time: 22:50:44] - Added: MIMETypeEntry: text/html, HTML
[2025-22:50:44.588][DEBUG][angus.activation.log:line46] [thread: main] [time: 22:50:44] - Added: MIMETypeEntry: text/html, HTM
[2025-22:50:44.588][DEBUG][angus.activation.log:line46] [thread: main] [time: 22:50:44] - Added: MIMETypeEntry: text/plain, txt
[2025-22:50:44.588][DEBUG][angus.activation.log:line46] [thread: main] [time: 22:50:44] - Added: MIMETypeEntry: text/plain, text
[2025-22:50:44.589][DEBUG][angus.activation.log:line46] [thread: main] [time: 22:50:44] - Added: MIMETypeEntry: text/plain, TXT
[2025-22:50:44.589][DEBUG][angus.activation.log:line46] [thread: main] [time: 22:50:44] - Added: MIMETypeEntry: text/plain, TEXT
[2025-22:50:44.589][DEBUG][angus.activation.log:line46] [thread: main] [time: 22:50:44] - Added: MIMETypeEntry: image/gif, gif
[2025-22:50:44.589][DEBUG][angus.activation.log:line46] [thread: main] [time: 22:50:44] - Added: MIMETypeEntry: image/gif, GIF
[2025-22:50:44.590][DEBUG][angus.activation.log:line46] [thread: main] [time: 22:50:44] - Added: MIMETypeEntry: image/ief, ief
[2025-22:50:44.590][DEBUG][angus.activation.log:line46] [thread: main] [time: 22:50:44] - Added: MIMETypeEntry: image/jpeg, jpeg
[2025-22:50:44.590][DEBUG][angus.activation.log:line46] [thread: main] [time: 22:50:44] - Added: MIMETypeEntry: image/jpeg, jpg
[2025-22:50:44.590][DEBUG][angus.activation.log:line46] [thread: main] [time: 22:50:44] - Added: MIMETypeEntry: image/jpeg, jpe
[2025-22:50:44.590][DEBUG][angus.activation.log:line46] [thread: main] [time: 22:50:44] - Added: MIMETypeEntry: image/jpeg, JPG
[2025-22:50:44.591][DEBUG][angus.activation.log:line46] [thread: main] [time: 22:50:44] - Added: MIMETypeEntry: image/tiff, tiff
[2025-22:50:44.591][DEBUG][angus.activation.log:line46] [thread: main] [time: 22:50:44] - Added: MIMETypeEntry: image/tiff, tif
[2025-22:50:44.591][DEBUG][angus.activation.log:line46] [thread: main] [time: 22:50:44] - Added: MIMETypeEntry: image/png, png
[2025-22:50:44.591][DEBUG][angus.activation.log:line46] [thread: main] [time: 22:50:44] - Added: MIMETypeEntry: image/png, PNG
[2025-22:50:44.591][DEBUG][angus.activation.log:line46] [thread: main] [time: 22:50:44] - Added: MIMETypeEntry: image/x-xwindowdump, xwd
[2025-22:50:44.591][DEBUG][angus.activation.log:line46] [thread: main] [time: 22:50:44] - Added: MIMETypeEntry: application/postscript, ai
[2025-22:50:44.591][DEBUG][angus.activation.log:line46] [thread: main] [time: 22:50:44] - Added: MIMETypeEntry: application/postscript, eps
[2025-22:50:44.592][DEBUG][angus.activation.log:line46] [thread: main] [time: 22:50:44] - Added: MIMETypeEntry: application/postscript, ps
[2025-22:50:44.592][DEBUG][angus.activation.log:line46] [thread: main] [time: 22:50:44] - Added: MIMETypeEntry: application/rtf, rtf
[2025-22:50:44.592][DEBUG][angus.activation.log:line46] [thread: main] [time: 22:50:44] - Added: MIMETypeEntry: application/x-tex, tex
[2025-22:50:44.592][DEBUG][angus.activation.log:line46] [thread: main] [time: 22:50:44] - Added: MIMETypeEntry: application/x-texinfo, texinfo
[2025-22:50:44.592][DEBUG][angus.activation.log:line46] [thread: main] [time: 22:50:44] - Added: MIMETypeEntry: application/x-texinfo, texi
[2025-22:50:44.592][DEBUG][angus.activation.log:line46] [thread: main] [time: 22:50:44] - Added: MIMETypeEntry: application/x-troff, t
[2025-22:50:44.593][DEBUG][angus.activation.log:line46] [thread: main] [time: 22:50:44] - Added: MIMETypeEntry: application/x-troff, tr
[2025-22:50:44.593][DEBUG][angus.activation.log:line46] [thread: main] [time: 22:50:44] - Added: MIMETypeEntry: application/x-troff, roff
[2025-22:50:44.593][DEBUG][angus.activation.log:line46] [thread: main] [time: 22:50:44] - Added: MIMETypeEntry: audio/basic, au
[2025-22:50:44.593][DEBUG][angus.activation.log:line46] [thread: main] [time: 22:50:44] - Added: MIMETypeEntry: audio/midi, midi
[2025-22:50:44.593][DEBUG][angus.activation.log:line46] [thread: main] [time: 22:50:44] - Added: MIMETypeEntry: audio/midi, mid
[2025-22:50:44.593][DEBUG][angus.activation.log:line46] [thread: main] [time: 22:50:44] - Added: MIMETypeEntry: audio/x-aifc, aifc
[2025-22:50:44.594][DEBUG][angus.activation.log:line46] [thread: main] [time: 22:50:44] - Added: MIMETypeEntry: audio/x-aiff, aif
[2025-22:50:44.594][DEBUG][angus.activation.log:line46] [thread: main] [time: 22:50:44] - Added: MIMETypeEntry: audio/x-aiff, aiff
[2025-22:50:44.594][DEBUG][angus.activation.log:line46] [thread: main] [time: 22:50:44] - Added: MIMETypeEntry: audio/x-mpeg, mpeg
[2025-22:50:44.594][DEBUG][angus.activation.log:line46] [thread: main] [time: 22:50:44] - Added: MIMETypeEntry: audio/x-mpeg, mpg
[2025-22:50:44.594][DEBUG][angus.activation.log:line46] [thread: main] [time: 22:50:44] - Added: MIMETypeEntry: audio/x-wav, wav
[2025-22:50:44.595][DEBUG][angus.activation.log:line46] [thread: main] [time: 22:50:44] - Added: MIMETypeEntry: video/mpeg, mpeg
[2025-22:50:44.595][DEBUG][angus.activation.log:line46] [thread: main] [time: 22:50:44] - Added: MIMETypeEntry: video/mpeg, mpg
[2025-22:50:44.596][DEBUG][angus.activation.log:line46] [thread: main] [time: 22:50:44] - Added: MIMETypeEntry: video/mpeg, mpe
[2025-22:50:44.599][DEBUG][angus.activation.log:line46] [thread: main] [time: 22:50:44] - Added: MIMETypeEntry: video/quicktime, qt
[2025-22:50:44.602][DEBUG][angus.activation.log:line46] [thread: main] [time: 22:50:44] - Added: MIMETypeEntry: video/quicktime, mov
[2025-22:50:44.603][DEBUG][angus.activation.log:line46] [thread: main] [time: 22:50:44] - Added: MIMETypeEntry: video/x-msvideo, avi
[2025-22:50:44.603][DEBUG][jakarta.activation.log:line43] [thread: main] [time: 22:50:44] - MimetypesFileTypeMap: successfully loaded mime types file: /META-INF/mimetypes.default
[2025-22:50:44.604][DEBUG][jakarta.activation.getSystemProperty:line105] [thread: main] [time: 22:50:44] - Checking system property jakarta.activation.spi.MimeTypeRegistryProvider
[2025-22:50:44.605][DEBUG][jakarta.activation.logFound:line120] [thread: main] [time: 22:50:44] -   not found
[2025-22:50:44.605][DEBUG][jakarta.activation.firstByServiceLoader:line30] [thread: main] [time: 22:50:44] - Using java.util.ServiceLoader to find jakarta.activation.spi.MimeTypeRegistryProvider
[2025-22:50:44.608][DEBUG][jakarta.activation.firstByServiceLoader:line36] [thread: main] [time: 22:50:44] - ServiceProvider loading Facility used; returning object [org.eclipse.angus.activation.MimeTypeRegistryProviderImpl]
[2025-22:50:44.609][DEBUG][angus.activation.log:line46] [thread: main] [time: 22:50:44] - Added: MIMETypeEntry: text/html, html
[2025-22:50:44.609][DEBUG][angus.activation.log:line46] [thread: main] [time: 22:50:44] - Added: MIMETypeEntry: text/html, htm
[2025-22:50:44.610][DEBUG][angus.activation.log:line46] [thread: main] [time: 22:50:44] - Added: MIMETypeEntry: text/html, HTML
[2025-22:50:44.610][DEBUG][angus.activation.log:line46] [thread: main] [time: 22:50:44] - Added: MIMETypeEntry: text/html, HTM
[2025-22:50:44.611][DEBUG][angus.activation.log:line46] [thread: main] [time: 22:50:44] - Added: MIMETypeEntry: text/plain, txt
[2025-22:50:44.611][DEBUG][angus.activation.log:line46] [thread: main] [time: 22:50:44] - Added: MIMETypeEntry: text/plain, text
[2025-22:50:44.612][DEBUG][angus.activation.log:line46] [thread: main] [time: 22:50:44] - Added: MIMETypeEntry: text/plain, TXT
[2025-22:50:44.612][DEBUG][angus.activation.log:line46] [thread: main] [time: 22:50:44] - Added: MIMETypeEntry: text/plain, TEXT
[2025-22:50:44.613][DEBUG][angus.activation.log:line46] [thread: main] [time: 22:50:44] - Added: MIMETypeEntry: text/plain, java
[2025-22:50:44.613][DEBUG][angus.activation.log:line46] [thread: main] [time: 22:50:44] - Added: MIMETypeEntry: text/plain, c
[2025-22:50:44.614][DEBUG][angus.activation.log:line46] [thread: main] [time: 22:50:44] - Added: MIMETypeEntry: text/plain, c++
[2025-22:50:44.619][DEBUG][angus.activation.log:line46] [thread: main] [time: 22:50:44] - Added: MIMETypeEntry: text/plain, cpp
[2025-22:50:44.619][DEBUG][angus.activation.log:line46] [thread: main] [time: 22:50:44] - Added: MIMETypeEntry: text/plain, pl
[2025-22:50:44.619][DEBUG][angus.activation.log:line46] [thread: main] [time: 22:50:44] - Added: MIMETypeEntry: text/plain, cc
[2025-22:50:44.620][DEBUG][angus.activation.log:line46] [thread: main] [time: 22:50:44] - Added: MIMETypeEntry: text/plain, h
[2025-22:50:44.620][DEBUG][angus.activation.log:line46] [thread: main] [time: 22:50:44] - Added: MIMETypeEntry: image/gif, gif
[2025-22:50:44.620][DEBUG][angus.activation.log:line46] [thread: main] [time: 22:50:44] - Added: MIMETypeEntry: image/gif, GIF
[2025-22:50:44.620][DEBUG][angus.activation.log:line46] [thread: main] [time: 22:50:44] - Added: MIMETypeEntry: image/ief, ief
[2025-22:50:44.620][DEBUG][angus.activation.log:line46] [thread: main] [time: 22:50:44] - Added: MIMETypeEntry: image/jpeg, jpeg
[2025-22:50:44.620][DEBUG][angus.activation.log:line46] [thread: main] [time: 22:50:44] - Added: MIMETypeEntry: image/jpeg, jpg
[2025-22:50:44.620][DEBUG][angus.activation.log:line46] [thread: main] [time: 22:50:44] - Added: MIMETypeEntry: image/jpeg, jpe
[2025-22:50:44.620][DEBUG][angus.activation.log:line46] [thread: main] [time: 22:50:44] - Added: MIMETypeEntry: image/jpeg, JPG
[2025-22:50:44.621][DEBUG][angus.activation.log:line46] [thread: main] [time: 22:50:44] - Added: MIMETypeEntry: image/tiff, tiff
[2025-22:50:44.621][DEBUG][angus.activation.log:line46] [thread: main] [time: 22:50:44] - Added: MIMETypeEntry: image/tiff, tif
[2025-22:50:44.621][DEBUG][angus.activation.log:line46] [thread: main] [time: 22:50:44] - Added: MIMETypeEntry: image/x-xwindowdump, xwd
[2025-22:50:44.621][DEBUG][angus.activation.log:line46] [thread: main] [time: 22:50:44] - Added: MIMETypeEntry: application/postscript, ai
[2025-22:50:44.621][DEBUG][angus.activation.log:line46] [thread: main] [time: 22:50:44] - Added: MIMETypeEntry: application/postscript, eps
[2025-22:50:44.621][DEBUG][angus.activation.log:line46] [thread: main] [time: 22:50:44] - Added: MIMETypeEntry: application/postscript, ps
[2025-22:50:44.621][DEBUG][angus.activation.log:line46] [thread: main] [time: 22:50:44] - Added: MIMETypeEntry: application/rtf, rtf
[2025-22:50:44.621][DEBUG][angus.activation.log:line46] [thread: main] [time: 22:50:44] - Added: MIMETypeEntry: application/x-tex, tex
[2025-22:50:44.622][DEBUG][angus.activation.log:line46] [thread: main] [time: 22:50:44] - Added: MIMETypeEntry: application/x-texinfo, texinfo
[2025-22:50:44.622][DEBUG][angus.activation.log:line46] [thread: main] [time: 22:50:44] - Added: MIMETypeEntry: application/x-texinfo, texi
[2025-22:50:44.622][DEBUG][angus.activation.log:line46] [thread: main] [time: 22:50:44] - Added: MIMETypeEntry: application/x-troff, t
[2025-22:50:44.622][DEBUG][angus.activation.log:line46] [thread: main] [time: 22:50:44] - Added: MIMETypeEntry: application/x-troff, tr
[2025-22:50:44.622][DEBUG][angus.activation.log:line46] [thread: main] [time: 22:50:44] - Added: MIMETypeEntry: application/x-troff, roff
[2025-22:50:44.623][DEBUG][angus.activation.log:line46] [thread: main] [time: 22:50:44] - Added: MIMETypeEntry: audio/basic, au
[2025-22:50:44.623][DEBUG][angus.activation.log:line46] [thread: main] [time: 22:50:44] - Added: MIMETypeEntry: audio/midi, midi
[2025-22:50:44.623][DEBUG][angus.activation.log:line46] [thread: main] [time: 22:50:44] - Added: MIMETypeEntry: audio/midi, mid
[2025-22:50:44.623][DEBUG][angus.activation.log:line46] [thread: main] [time: 22:50:44] - Added: MIMETypeEntry: audio/x-aifc, aifc
[2025-22:50:44.624][DEBUG][angus.activation.log:line46] [thread: main] [time: 22:50:44] - Added: MIMETypeEntry: audio/x-aiff, aif
[2025-22:50:44.624][DEBUG][angus.activation.log:line46] [thread: main] [time: 22:50:44] - Added: MIMETypeEntry: audio/x-aiff, aiff
[2025-22:50:44.624][DEBUG][angus.activation.log:line46] [thread: main] [time: 22:50:44] - Added: MIMETypeEntry: audio/x-mpeg, mpeg
[2025-22:50:44.624][DEBUG][angus.activation.log:line46] [thread: main] [time: 22:50:44] - Added: MIMETypeEntry: audio/x-mpeg, mpg
[2025-22:50:44.624][DEBUG][angus.activation.log:line46] [thread: main] [time: 22:50:44] - Added: MIMETypeEntry: audio/x-wav, wav
[2025-22:50:44.624][DEBUG][angus.activation.log:line46] [thread: main] [time: 22:50:44] - Added: MIMETypeEntry: video/mpeg, mpeg
[2025-22:50:44.624][DEBUG][angus.activation.log:line46] [thread: main] [time: 22:50:44] - Added: MIMETypeEntry: video/mpeg, mpg
[2025-22:50:44.625][DEBUG][angus.activation.log:line46] [thread: main] [time: 22:50:44] - Added: MIMETypeEntry: video/mpeg, mpe
[2025-22:50:44.625][DEBUG][angus.activation.log:line46] [thread: main] [time: 22:50:44] - Added: MIMETypeEntry: video/quicktime, qt
[2025-22:50:44.625][DEBUG][angus.activation.log:line46] [thread: main] [time: 22:50:44] - Added: MIMETypeEntry: video/quicktime, mov
[2025-22:50:44.625][DEBUG][angus.activation.log:line46] [thread: main] [time: 22:50:44] - Added: MIMETypeEntry: video/x-msvideo, avi
[2025-22:50:44.626][DEBUG][angus.activation.log:line46] [thread: main] [time: 22:50:44] - Added: MIMETypeEntry: text/x-speech, talk
[2025-22:50:44.626][DEBUG][angus.activation.log:line46] [thread: main] [time: 22:50:44] - Added: MIMETypeEntry: text/css, css
[2025-22:50:44.626][DEBUG][angus.activation.log:line46] [thread: main] [time: 22:50:44] - Added: MIMETypeEntry: text/csv, csv
[2025-22:50:44.626][DEBUG][angus.activation.log:line46] [thread: main] [time: 22:50:44] - Added: MIMETypeEntry: image/x-xbitmap, xbm
[2025-22:50:44.627][DEBUG][angus.activation.log:line46] [thread: main] [time: 22:50:44] - Added: MIMETypeEntry: image/x-xpixmap, xpm
[2025-22:50:44.627][DEBUG][angus.activation.log:line46] [thread: main] [time: 22:50:44] - Added: MIMETypeEntry: image/png, png
[2025-22:50:44.627][DEBUG][angus.activation.log:line46] [thread: main] [time: 22:50:44] - Added: MIMETypeEntry: image/svg+xml, svg
[2025-22:50:44.627][DEBUG][angus.activation.log:line46] [thread: main] [time: 22:50:44] - Added: MIMETypeEntry: image/ief, ief
[2025-22:50:44.627][DEBUG][angus.activation.log:line46] [thread: main] [time: 22:50:44] - Added: MIMETypeEntry: image/rgb, rgb
[2025-22:50:44.627][DEBUG][angus.activation.log:line46] [thread: main] [time: 22:50:44] - Added: MIMETypeEntry: image/g3fax, g3f
[2025-22:50:44.628][DEBUG][angus.activation.log:line46] [thread: main] [time: 22:50:44] - Added: MIMETypeEntry: image/x-xwindowdump, xwd
[2025-22:50:44.628][DEBUG][angus.activation.log:line46] [thread: main] [time: 22:50:44] - Added: MIMETypeEntry: image/x-pict, pict
[2025-22:50:44.628][DEBUG][angus.activation.log:line46] [thread: main] [time: 22:50:44] - Added: MIMETypeEntry: image/x-portable-pixmap, ppm
[2025-22:50:44.628][DEBUG][angus.activation.log:line46] [thread: main] [time: 22:50:44] - Added: MIMETypeEntry: image/x-portable-graymap, pgm
[2025-22:50:44.629][DEBUG][angus.activation.log:line46] [thread: main] [time: 22:50:44] - Added: MIMETypeEntry: image/x-portable-bitmap, pbm
[2025-22:50:44.629][DEBUG][angus.activation.log:line46] [thread: main] [time: 22:50:44] - Added: MIMETypeEntry: image/x-portable-anymap, pnm
[2025-22:50:44.629][DEBUG][angus.activation.log:line46] [thread: main] [time: 22:50:44] - Added: MIMETypeEntry: image/x-ms-bmp, bmp
[2025-22:50:44.629][DEBUG][angus.activation.log:line46] [thread: main] [time: 22:50:44] - Added: MIMETypeEntry: image/x-cmu-raster, ras
[2025-22:50:44.629][DEBUG][angus.activation.log:line46] [thread: main] [time: 22:50:44] - Added: MIMETypeEntry: image/x-photo-cd, pcd
[2025-22:50:44.630][DEBUG][angus.activation.log:line46] [thread: main] [time: 22:50:44] - Added: MIMETypeEntry: image/cgm, cgm
[2025-22:50:44.630][DEBUG][angus.activation.log:line46] [thread: main] [time: 22:50:44] - Added: MIMETypeEntry: image/x-cals, mil
[2025-22:50:44.630][DEBUG][angus.activation.log:line46] [thread: main] [time: 22:50:44] - Added: MIMETypeEntry: image/x-cals, cal
[2025-22:50:44.630][DEBUG][angus.activation.log:line46] [thread: main] [time: 22:50:44] - Added: MIMETypeEntry: image/fif, fif
[2025-22:50:44.630][DEBUG][angus.activation.log:line46] [thread: main] [time: 22:50:44] - Added: MIMETypeEntry: image/x-mgx-dsf, dsf
[2025-22:50:44.630][DEBUG][angus.activation.log:line46] [thread: main] [time: 22:50:44] - Added: MIMETypeEntry: image/x-cmx, cmx
[2025-22:50:44.630][DEBUG][angus.activation.log:line46] [thread: main] [time: 22:50:44] - Added: MIMETypeEntry: image/wavelet, wi
[2025-22:50:44.630][DEBUG][angus.activation.log:line46] [thread: main] [time: 22:50:44] - Added: MIMETypeEntry: image/vnd.dwg, dwg
[2025-22:50:44.631][DEBUG][angus.activation.log:line46] [thread: main] [time: 22:50:44] - Added: MIMETypeEntry: image/vnd.dxf, dxf
[2025-22:50:44.631][DEBUG][angus.activation.log:line46] [thread: main] [time: 22:50:44] - Added: MIMETypeEntry: image/vnd.svf, svf
[2025-22:50:44.632][DEBUG][angus.activation.log:line46] [thread: main] [time: 22:50:44] - Added: MIMETypeEntry: audio/basic, au
[2025-22:50:44.632][DEBUG][angus.activation.log:line46] [thread: main] [time: 22:50:44] - Added: MIMETypeEntry: audio/basic, snd
[2025-22:50:44.636][DEBUG][angus.activation.log:line46] [thread: main] [time: 22:50:44] - Added: MIMETypeEntry: audio/x-aiff, aif
[2025-22:50:44.637][DEBUG][angus.activation.log:line46] [thread: main] [time: 22:50:44] - Added: MIMETypeEntry: audio/x-aiff, aiff
[2025-22:50:44.638][DEBUG][angus.activation.log:line46] [thread: main] [time: 22:50:44] - Added: MIMETypeEntry: audio/x-aiff, aifc
[2025-22:50:44.638][DEBUG][angus.activation.log:line46] [thread: main] [time: 22:50:44] - Added: MIMETypeEntry: audio/x-wav, wav
[2025-22:50:44.638][DEBUG][angus.activation.log:line46] [thread: main] [time: 22:50:44] - Added: MIMETypeEntry: audio/x-mpeg, mpa
[2025-22:50:44.639][DEBUG][angus.activation.log:line46] [thread: main] [time: 22:50:44] - Added: MIMETypeEntry: audio/x-mpeg, abs
[2025-22:50:44.640][DEBUG][angus.activation.log:line46] [thread: main] [time: 22:50:44] - Added: MIMETypeEntry: audio/x-mpeg, mpega
[2025-22:50:44.640][DEBUG][angus.activation.log:line46] [thread: main] [time: 22:50:44] - Added: MIMETypeEntry: audio/x-mpeg-2, mp2a
[2025-22:50:44.640][DEBUG][angus.activation.log:line46] [thread: main] [time: 22:50:44] - Added: MIMETypeEntry: audio/x-mpeg-2, mpa2
[2025-22:50:44.641][DEBUG][angus.activation.log:line46] [thread: main] [time: 22:50:44] - Added: MIMETypeEntry: audio/echospeech, es
[2025-22:50:44.641][DEBUG][angus.activation.log:line46] [thread: main] [time: 22:50:44] - Added: MIMETypeEntry: audio/voxware, vox
[2025-22:50:44.641][DEBUG][angus.activation.log:line46] [thread: main] [time: 22:50:44] - Added: MIMETypeEntry: application/fastman, lcc
[2025-22:50:44.641][DEBUG][angus.activation.log:line46] [thread: main] [time: 22:50:44] - Added: MIMETypeEntry: application/x-pn-realaudio, ra
[2025-22:50:44.642][DEBUG][angus.activation.log:line46] [thread: main] [time: 22:50:44] - Added: MIMETypeEntry: application/x-pn-realaudio, ram
[2025-22:50:44.642][DEBUG][angus.activation.log:line46] [thread: main] [time: 22:50:44] - Added: MIMETypeEntry: x-music/x-midi, mmid
[2025-22:50:44.642][DEBUG][angus.activation.log:line46] [thread: main] [time: 22:50:44] - Added: MIMETypeEntry: application/vnd.koan, skp
[2025-22:50:44.643][DEBUG][angus.activation.log:line46] [thread: main] [time: 22:50:44] - Added: MIMETypeEntry: text/x-speech, talk
[2025-22:50:44.643][DEBUG][angus.activation.log:line46] [thread: main] [time: 22:50:44] - Added: MIMETypeEntry: video/mpeg, mpeg
[2025-22:50:44.643][DEBUG][angus.activation.log:line46] [thread: main] [time: 22:50:44] - Added: MIMETypeEntry: video/mpeg, mpg
[2025-22:50:44.643][DEBUG][angus.activation.log:line46] [thread: main] [time: 22:50:44] - Added: MIMETypeEntry: video/mpeg, mpe
[2025-22:50:44.643][DEBUG][angus.activation.log:line46] [thread: main] [time: 22:50:44] - Added: MIMETypeEntry: video/mpeg-2, mpv2
[2025-22:50:44.643][DEBUG][angus.activation.log:line46] [thread: main] [time: 22:50:44] - Added: MIMETypeEntry: video/mpeg-2, mp2v
[2025-22:50:44.644][DEBUG][angus.activation.log:line46] [thread: main] [time: 22:50:44] - Added: MIMETypeEntry: video/quicktime, qt
[2025-22:50:44.644][DEBUG][angus.activation.log:line46] [thread: main] [time: 22:50:44] - Added: MIMETypeEntry: video/quicktime, mov
[2025-22:50:44.644][DEBUG][angus.activation.log:line46] [thread: main] [time: 22:50:44] - Added: MIMETypeEntry: video/x-msvideo, avi
[2025-22:50:44.644][DEBUG][angus.activation.log:line46] [thread: main] [time: 22:50:44] - Added: MIMETypeEntry: video/x-sgi-movie, movie
[2025-22:50:44.645][DEBUG][angus.activation.log:line46] [thread: main] [time: 22:50:44] - Added: MIMETypeEntry: video/vdo, vdo
[2025-22:50:44.645][DEBUG][angus.activation.log:line46] [thread: main] [time: 22:50:44] - Added: MIMETypeEntry: video/vnd.vivo, viv
[2025-22:50:44.645][DEBUG][angus.activation.log:line46] [thread: main] [time: 22:50:44] - Added: MIMETypeEntry: application/x-ns-proxy-autoconfig, pac
[2025-22:50:44.645][DEBUG][angus.activation.log:line46] [thread: main] [time: 22:50:44] - Added: MIMETypeEntry: x-conference/x-cooltalk, ice
[2025-22:50:44.645][DEBUG][angus.activation.log:line46] [thread: main] [time: 22:50:44] - Added: MIMETypeEntry: application/postscript, ai
[2025-22:50:44.646][DEBUG][angus.activation.log:line46] [thread: main] [time: 22:50:44] - Added: MIMETypeEntry: application/postscript, eps
[2025-22:50:44.646][DEBUG][angus.activation.log:line46] [thread: main] [time: 22:50:44] - Added: MIMETypeEntry: application/postscript, ps
[2025-22:50:44.646][DEBUG][angus.activation.log:line46] [thread: main] [time: 22:50:44] - Added: MIMETypeEntry: application/rtf, rtf
[2025-22:50:44.646][DEBUG][angus.activation.log:line46] [thread: main] [time: 22:50:44] - Added: MIMETypeEntry: application/pdf, pdf
[2025-22:50:44.646][DEBUG][angus.activation.log:line46] [thread: main] [time: 22:50:44] - Added: MIMETypeEntry: application/vnd.mif, mif
[2025-22:50:44.646][DEBUG][angus.activation.log:line46] [thread: main] [time: 22:50:44] - Added: MIMETypeEntry: application/x-troff, t
[2025-22:50:44.646][DEBUG][angus.activation.log:line46] [thread: main] [time: 22:50:44] - Added: MIMETypeEntry: application/x-troff, tr
[2025-22:50:44.647][DEBUG][angus.activation.log:line46] [thread: main] [time: 22:50:44] - Added: MIMETypeEntry: application/x-troff, roff
[2025-22:50:44.647][DEBUG][angus.activation.log:line46] [thread: main] [time: 22:50:44] - Added: MIMETypeEntry: application/x-troff-man, man
[2025-22:50:44.647][DEBUG][angus.activation.log:line46] [thread: main] [time: 22:50:44] - Added: MIMETypeEntry: application/x-troff-me, me
[2025-22:50:44.647][DEBUG][angus.activation.log:line46] [thread: main] [time: 22:50:44] - Added: MIMETypeEntry: application/x-troff-ms, ms
[2025-22:50:44.647][DEBUG][angus.activation.log:line46] [thread: main] [time: 22:50:44] - Added: MIMETypeEntry: application/x-latex, latex
[2025-22:50:44.647][DEBUG][angus.activation.log:line46] [thread: main] [time: 22:50:44] - Added: MIMETypeEntry: application/x-tex, tex
[2025-22:50:44.647][DEBUG][angus.activation.log:line46] [thread: main] [time: 22:50:44] - Added: MIMETypeEntry: application/x-texinfo, texinfo
[2025-22:50:44.647][DEBUG][angus.activation.log:line46] [thread: main] [time: 22:50:44] - Added: MIMETypeEntry: application/x-texinfo, texi
[2025-22:50:44.647][DEBUG][angus.activation.log:line46] [thread: main] [time: 22:50:44] - Added: MIMETypeEntry: application/x-dvi, dvi
[2025-22:50:44.648][DEBUG][angus.activation.log:line46] [thread: main] [time: 22:50:44] - Added: MIMETypeEntry: application/msword, doc
[2025-22:50:44.648][DEBUG][angus.activation.log:line46] [thread: main] [time: 22:50:44] - Added: MIMETypeEntry: application/msword, DOC
[2025-22:50:44.648][DEBUG][angus.activation.log:line46] [thread: main] [time: 22:50:44] - Added: MIMETypeEntry: application/oda, oda
[2025-22:50:44.648][DEBUG][angus.activation.log:line46] [thread: main] [time: 22:50:44] - Added: MIMETypeEntry: application/envoy, evy
[2025-22:50:44.648][DEBUG][angus.activation.log:line46] [thread: main] [time: 22:50:44] - Added: MIMETypeEntry: application/x-gtar, gtar
[2025-22:50:44.648][DEBUG][angus.activation.log:line46] [thread: main] [time: 22:50:44] - Added: MIMETypeEntry: application/x-tar, tar
[2025-22:50:44.648][DEBUG][angus.activation.log:line46] [thread: main] [time: 22:50:44] - Added: MIMETypeEntry: application/x-ustar, ustar
[2025-22:50:44.648][DEBUG][angus.activation.log:line46] [thread: main] [time: 22:50:44] - Added: MIMETypeEntry: application/x-bcpio, bcpio
[2025-22:50:44.648][DEBUG][angus.activation.log:line46] [thread: main] [time: 22:50:44] - Added: MIMETypeEntry: application/x-cpio, cpio
[2025-22:50:44.649][DEBUG][angus.activation.log:line46] [thread: main] [time: 22:50:44] - Added: MIMETypeEntry: application/x-shar, shar
[2025-22:50:44.649][DEBUG][angus.activation.log:line46] [thread: main] [time: 22:50:44] - Added: MIMETypeEntry: application/zip, zip
[2025-22:50:44.649][DEBUG][angus.activation.log:line46] [thread: main] [time: 22:50:44] - Added: MIMETypeEntry: application/mac-binhex40, hqx
[2025-22:50:44.649][DEBUG][angus.activation.log:line46] [thread: main] [time: 22:50:44] - Added: MIMETypeEntry: application/x-stuffit, sit
[2025-22:50:44.649][DEBUG][angus.activation.log:line46] [thread: main] [time: 22:50:44] - Added: MIMETypeEntry: application/x-stuffit, sea
[2025-22:50:44.649][DEBUG][angus.activation.log:line46] [thread: main] [time: 22:50:44] - Added: MIMETypeEntry: application/fractals, fif
[2025-22:50:44.649][DEBUG][angus.activation.log:line46] [thread: main] [time: 22:50:44] - Added: MIMETypeEntry: application/octet-stream, bin
[2025-22:50:44.650][DEBUG][angus.activation.log:line46] [thread: main] [time: 22:50:44] - Added: MIMETypeEntry: application/octet-stream, uu
[2025-22:50:44.650][DEBUG][angus.activation.log:line46] [thread: main] [time: 22:50:44] - Added: MIMETypeEntry: application/octet-stream, exe
[2025-22:50:44.653][DEBUG][angus.activation.log:line46] [thread: main] [time: 22:50:44] - Added: MIMETypeEntry: application/x-wais-source, src
[2025-22:50:44.654][DEBUG][angus.activation.log:line46] [thread: main] [time: 22:50:44] - Added: MIMETypeEntry: application/x-wais-source, wsrc
[2025-22:50:44.654][DEBUG][angus.activation.log:line46] [thread: main] [time: 22:50:44] - Added: MIMETypeEntry: application/hdf, hdf
[2025-22:50:44.654][DEBUG][angus.activation.log:line46] [thread: main] [time: 22:50:44] - Added: MIMETypeEntry: text/javascript, js
[2025-22:50:44.654][DEBUG][angus.activation.log:line46] [thread: main] [time: 22:50:44] - Added: MIMETypeEntry: text/javascript, ls
[2025-22:50:44.655][DEBUG][angus.activation.log:line46] [thread: main] [time: 22:50:44] - Added: MIMETypeEntry: text/javascript, mocha
[2025-22:50:44.655][DEBUG][angus.activation.log:line46] [thread: main] [time: 22:50:44] - Added: MIMETypeEntry: application/x-sh, sh
[2025-22:50:44.655][DEBUG][angus.activation.log:line46] [thread: main] [time: 22:50:44] - Added: MIMETypeEntry: application/x-csh, csh
[2025-22:50:44.656][DEBUG][angus.activation.log:line46] [thread: main] [time: 22:50:44] - Added: MIMETypeEntry: application/x-perl, pl
[2025-22:50:44.656][DEBUG][angus.activation.log:line46] [thread: main] [time: 22:50:44] - Added: MIMETypeEntry: application/x-tcl, tcl
[2025-22:50:44.656][DEBUG][angus.activation.log:line46] [thread: main] [time: 22:50:44] - Added: MIMETypeEntry: application/futuresplash, spl
[2025-22:50:44.656][DEBUG][angus.activation.log:line46] [thread: main] [time: 22:50:44] - Added: MIMETypeEntry: application/mbedlet, mbd
[2025-22:50:44.656][DEBUG][angus.activation.log:line46] [thread: main] [time: 22:50:44] - Added: MIMETypeEntry: application/x-rad-powermedia, rad
[2025-22:50:44.656][DEBUG][angus.activation.log:line46] [thread: main] [time: 22:50:44] - Added: MIMETypeEntry: application/mspowerpoint, ppz
[2025-22:50:44.657][DEBUG][angus.activation.log:line46] [thread: main] [time: 22:50:44] - Added: MIMETypeEntry: application/x-asap, asp
[2025-22:50:44.657][DEBUG][angus.activation.log:line46] [thread: main] [time: 22:50:44] - Added: MIMETypeEntry: application/astound, asn
[2025-22:50:44.657][DEBUG][angus.activation.log:line46] [thread: main] [time: 22:50:44] - Added: MIMETypeEntry: application/x-olescript, axs
[2025-22:50:44.657][DEBUG][angus.activation.log:line46] [thread: main] [time: 22:50:44] - Added: MIMETypeEntry: application/x-oleobject, ods
[2025-22:50:44.657][DEBUG][angus.activation.log:line46] [thread: main] [time: 22:50:44] - Added: MIMETypeEntry: x-form/x-openscape, opp
[2025-22:50:44.657][DEBUG][angus.activation.log:line46] [thread: main] [time: 22:50:44] - Added: MIMETypeEntry: application/x-webbasic, wba
[2025-22:50:44.658][DEBUG][angus.activation.log:line46] [thread: main] [time: 22:50:44] - Added: MIMETypeEntry: application/x-alpha-form, frm
[2025-22:50:44.660][DEBUG][angus.activation.log:line46] [thread: main] [time: 22:50:44] - Added: MIMETypeEntry: x-script/x-wfxclient, wfx
[2025-22:50:44.660][DEBUG][angus.activation.log:line46] [thread: main] [time: 22:50:44] - Added: MIMETypeEntry: application/octet-stream, exe
[2025-22:50:44.661][DEBUG][angus.activation.log:line46] [thread: main] [time: 22:50:44] - Added: MIMETypeEntry: application/octet-stream, com
[2025-22:50:44.661][DEBUG][angus.activation.log:line46] [thread: main] [time: 22:50:44] - Added: MIMETypeEntry: application/x-pcn, pcn
[2025-22:50:44.661][DEBUG][angus.activation.log:line46] [thread: main] [time: 22:50:44] - Added: MIMETypeEntry: application/vnd.ms-excel, xls
[2025-22:50:44.661][DEBUG][angus.activation.log:line46] [thread: main] [time: 22:50:44] - Added: MIMETypeEntry: application/vnd.ms-powerpoint, ppt
[2025-22:50:44.661][DEBUG][angus.activation.log:line46] [thread: main] [time: 22:50:44] - Added: MIMETypeEntry: application/vnd.ms-project, mpp
[2025-22:50:44.662][DEBUG][angus.activation.log:line46] [thread: main] [time: 22:50:44] - Added: MIMETypeEntry: application/vnd.svd, svd
[2025-22:50:44.662][DEBUG][angus.activation.log:line46] [thread: main] [time: 22:50:44] - Added: MIMETypeEntry: application/x-net-install, ins
[2025-22:50:44.662][DEBUG][angus.activation.log:line46] [thread: main] [time: 22:50:44] - Added: MIMETypeEntry: application/ccv, ccv
[2025-22:50:44.663][DEBUG][angus.activation.log:line46] [thread: main] [time: 22:50:44] - Added: MIMETypeEntry: workbook/formulaone, vts
[2025-22:50:44.663][DEBUG][angus.activation.log:line46] [thread: main] [time: 22:50:44] - Added: MIMETypeEntry: x-world/x-vrml, wrl
[2025-22:50:44.663][DEBUG][angus.activation.log:line46] [thread: main] [time: 22:50:44] - Added: MIMETypeEntry: x-world/x-vrml, vrml
[2025-22:50:44.663][DEBUG][angus.activation.log:line46] [thread: main] [time: 22:50:44] - Added: MIMETypeEntry: x-world/x-vream, vrw
[2025-22:50:44.664][DEBUG][angus.activation.log:line46] [thread: main] [time: 22:50:44] - Added: MIMETypeEntry: application/x-p3d, p3d
[2025-22:50:44.664][DEBUG][angus.activation.log:line46] [thread: main] [time: 22:50:44] - Added: MIMETypeEntry: x-world/x-svr, svr
[2025-22:50:44.664][DEBUG][angus.activation.log:line46] [thread: main] [time: 22:50:44] - Added: MIMETypeEntry: x-world/x-wvr, wvr
[2025-22:50:44.665][DEBUG][angus.activation.log:line46] [thread: main] [time: 22:50:44] - Added: MIMETypeEntry: x-world/x-3dmf, 3dmf
[2025-22:50:44.665][DEBUG][angus.activation.log:line46] [thread: main] [time: 22:50:44] - Added: MIMETypeEntry: application/mathematica, ma
[2025-22:50:44.665][DEBUG][angus.activation.log:line46] [thread: main] [time: 22:50:44] - Added: MIMETypeEntry: x-model/x-mesh, msh
[2025-22:50:44.665][DEBUG][angus.activation.log:line46] [thread: main] [time: 22:50:44] - Added: MIMETypeEntry: application/vis5d, v5d
[2025-22:50:44.665][DEBUG][angus.activation.log:line46] [thread: main] [time: 22:50:44] - Added: MIMETypeEntry: application/iges, igs
[2025-22:50:44.665][DEBUG][angus.activation.log:line46] [thread: main] [time: 22:50:44] - Added: MIMETypeEntry: drawing/x-dwf, dwf
[2025-22:50:44.669][DEBUG][org.springframework.beans.factory.support.DefaultListableBeanFactory.registerDependentBeans:line954] [thread: main] [time: 22:50:44] - Autowiring by type from bean name 'mailSenderRunner' via constructor to bean named 'mailSender'
[2025-22:50:44.672][DEBUG][org.springframework.core.env.PropertySourcesPropertyResolver.logKeyFound:line121] [thread: main] [time: 22:50:44] - Found key 'spring.mail.username' in PropertySource 'environmentProperties' with value of type String
[2025-22:50:44.674][DEBUG][org.springframework.beans.factory.support.DefaultListableBeanFactory.getSingleton:line280] [thread: main] [time: 22:50:44] - Creating shared instance of singleton bean 'org.springframework.boot.autoconfigure.AutoConfigurationPackages'
[2025-22:50:44.675][DEBUG][org.springframework.beans.factory.support.DefaultListableBeanFactory.getSingleton:line280] [thread: main] [time: 22:50:44] - Creating shared instance of singleton bean 'org.springframework.boot.autoconfigure.context.PropertyPlaceholderAutoConfiguration'
[2025-22:50:44.676][DEBUG][org.springframework.beans.factory.support.DefaultListableBeanFactory.getSingleton:line280] [thread: main] [time: 22:50:44] - Creating shared instance of singleton bean 'org.springframework.boot.context.properties.EnableConfigurationPropertiesRegistrar.methodValidationExcludeFilter'
[2025-22:50:44.680][DEBUG][org.springframework.beans.factory.support.DefaultListableBeanFactory.getSingleton:line280] [thread: main] [time: 22:50:44] - Creating shared instance of singleton bean 'org.springframework.boot.autoconfigure.websocket.servlet.WebSocketServletAutoConfiguration'
[2025-22:50:44.681][DEBUG][org.springframework.beans.factory.support.DefaultListableBeanFactory.getSingleton:line280] [thread: main] [time: 22:50:44] - Creating shared instance of singleton bean 'org.springframework.boot.autoconfigure.web.servlet.DispatcherServletAutoConfiguration'
[2025-22:50:44.681][DEBUG][org.springframework.beans.factory.support.DefaultListableBeanFactory.getSingleton:line280] [thread: main] [time: 22:50:44] - Creating shared instance of singleton bean 'org.springframework.boot.autoconfigure.task.TaskExecutorConfigurations$ThreadPoolTaskExecutorBuilderConfiguration'
[2025-22:50:44.682][DEBUG][org.springframework.beans.factory.support.DefaultListableBeanFactory.getSingleton:line280] [thread: main] [time: 22:50:44] - Creating shared instance of singleton bean 'threadPoolTaskExecutorBuilder'
[2025-22:50:44.683][DEBUG][org.springframework.beans.factory.support.DefaultListableBeanFactory.getSingleton:line280] [thread: main] [time: 22:50:44] - Creating shared instance of singleton bean 'spring.task.execution-org.springframework.boot.autoconfigure.task.TaskExecutionProperties'
[2025-22:50:44.686][DEBUG][org.springframework.beans.factory.support.DefaultListableBeanFactory.registerDependentBeans:line954] [thread: main] [time: 22:50:44] - Autowiring by type from bean name 'threadPoolTaskExecutorBuilder' via factory method to bean named 'spring.task.execution-org.springframework.boot.autoconfigure.task.TaskExecutionProperties'
[2025-22:50:44.689][DEBUG][org.springframework.beans.factory.support.DefaultListableBeanFactory.getSingleton:line280] [thread: main] [time: 22:50:44] - Creating shared instance of singleton bean 'org.springframework.boot.autoconfigure.task.TaskExecutorConfigurations$SimpleAsyncTaskExecutorBuilderConfiguration'
[2025-22:50:44.690][DEBUG][org.springframework.beans.factory.support.DefaultListableBeanFactory.registerDependentBeans:line954] [thread: main] [time: 22:50:44] - Autowiring by type from bean name 'org.springframework.boot.autoconfigure.task.TaskExecutorConfigurations$SimpleAsyncTaskExecutorBuilderConfiguration' via constructor to bean named 'spring.task.execution-org.springframework.boot.autoconfigure.task.TaskExecutionProperties'
[2025-22:50:44.690][DEBUG][org.springframework.beans.factory.support.DefaultListableBeanFactory.getSingleton:line280] [thread: main] [time: 22:50:44] - Creating shared instance of singleton bean 'simpleAsyncTaskExecutorBuilder'
[2025-22:50:44.692][DEBUG][org.springframework.beans.factory.support.DefaultListableBeanFactory.getSingleton:line280] [thread: main] [time: 22:50:44] - Creating shared instance of singleton bean 'org.springframework.boot.autoconfigure.task.TaskExecutorConfigurations$TaskExecutorConfiguration'
[2025-22:50:44.693][DEBUG][org.springframework.beans.factory.support.DefaultListableBeanFactory.getSingleton:line280] [thread: main] [time: 22:50:44] - Creating shared instance of singleton bean 'org.springframework.boot.autoconfigure.task.TaskExecutionAutoConfiguration'
[2025-22:50:44.693][DEBUG][org.springframework.beans.factory.support.DefaultListableBeanFactory.getSingleton:line280] [thread: main] [time: 22:50:44] - Creating shared instance of singleton bean 'org.springframework.boot.autoconfigure.web.servlet.error.ErrorMvcAutoConfiguration$WhitelabelErrorViewConfiguration'
[2025-22:50:44.695][DEBUG][org.springframework.beans.factory.support.DefaultListableBeanFactory.getSingleton:line280] [thread: main] [time: 22:50:44] - Creating shared instance of singleton bean 'error'
[2025-22:50:44.695][DEBUG][org.springframework.beans.factory.support.DefaultListableBeanFactory.getSingleton:line280] [thread: main] [time: 22:50:44] - Creating shared instance of singleton bean 'beanNameViewResolver'
[2025-22:50:44.697][DEBUG][org.springframework.beans.factory.support.DefaultListableBeanFactory.getSingleton:line280] [thread: main] [time: 22:50:44] - Creating shared instance of singleton bean 'org.springframework.boot.autoconfigure.web.servlet.error.ErrorMvcAutoConfiguration$DefaultErrorViewResolverConfiguration'
[2025-22:50:44.698][DEBUG][org.springframework.beans.factory.support.DefaultListableBeanFactory.getSingleton:line280] [thread: main] [time: 22:50:44] - Creating shared instance of singleton bean 'spring.web-org.springframework.boot.autoconfigure.web.WebProperties'
[2025-22:50:44.702][DEBUG][org.springframework.beans.factory.support.DefaultListableBeanFactory.registerDependentBeans:line954] [thread: main] [time: 22:50:44] - Autowiring by type from bean name 'org.springframework.boot.autoconfigure.web.servlet.error.ErrorMvcAutoConfiguration$DefaultErrorViewResolverConfiguration' via constructor to bean named 'org.springframework.boot.web.servlet.context.AnnotationConfigServletWebServerApplicationContext@68f1b17f'
[2025-22:50:44.702][DEBUG][org.springframework.beans.factory.support.DefaultListableBeanFactory.registerDependentBeans:line954] [thread: main] [time: 22:50:44] - Autowiring by type from bean name 'org.springframework.boot.autoconfigure.web.servlet.error.ErrorMvcAutoConfiguration$DefaultErrorViewResolverConfiguration' via constructor to bean named 'spring.web-org.springframework.boot.autoconfigure.web.WebProperties'
[2025-22:50:44.703][DEBUG][org.springframework.beans.factory.support.DefaultListableBeanFactory.getSingleton:line280] [thread: main] [time: 22:50:44] - Creating shared instance of singleton bean 'conventionErrorViewResolver'
[2025-22:50:44.705][DEBUG][org.springframework.beans.factory.support.DefaultListableBeanFactory.getSingleton:line280] [thread: main] [time: 22:50:44] - Creating shared instance of singleton bean 'errorAttributes'
[2025-22:50:44.708][DEBUG][org.springframework.beans.factory.support.DefaultListableBeanFactory.getSingleton:line280] [thread: main] [time: 22:50:44] - Creating shared instance of singleton bean 'basicErrorController'
[2025-22:50:44.709][DEBUG][org.springframework.beans.factory.support.DefaultListableBeanFactory.registerDependentBeans:line954] [thread: main] [time: 22:50:44] - Autowiring by type from bean name 'basicErrorController' via factory method to bean named 'errorAttributes'
[2025-22:50:44.718][DEBUG][org.springframework.beans.factory.support.DefaultListableBeanFactory.getSingleton:line280] [thread: main] [time: 22:50:44] - Creating shared instance of singleton bean 'org.springframework.boot.autoconfigure.web.servlet.WebMvcAutoConfiguration$EnableWebMvcConfiguration'
[2025-22:50:44.722][DEBUG][org.springframework.beans.factory.support.DefaultListableBeanFactory.registerDependentBeans:line954] [thread: main] [time: 22:50:44] - Autowiring by type from bean name 'org.springframework.boot.autoconfigure.web.servlet.WebMvcAutoConfiguration$EnableWebMvcConfiguration' via constructor to bean named 'spring.mvc-org.springframework.boot.autoconfigure.web.servlet.WebMvcProperties'
[2025-22:50:44.722][DEBUG][org.springframework.beans.factory.support.DefaultListableBeanFactory.registerDependentBeans:line954] [thread: main] [time: 22:50:44] - Autowiring by type from bean name 'org.springframework.boot.autoconfigure.web.servlet.WebMvcAutoConfiguration$EnableWebMvcConfiguration' via constructor to bean named 'spring.web-org.springframework.boot.autoconfigure.web.WebProperties'
[2025-22:50:44.722][DEBUG][org.springframework.beans.factory.support.DefaultListableBeanFactory.registerDependentBeans:line954] [thread: main] [time: 22:50:44] - Autowiring by type from bean name 'org.springframework.boot.autoconfigure.web.servlet.WebMvcAutoConfiguration$EnableWebMvcConfiguration' via constructor to bean named 'org.springframework.beans.factory.support.DefaultListableBeanFactory@52066604'
[2025-22:50:44.728][DEBUG][org.springframework.beans.factory.support.DefaultListableBeanFactory.getSingleton:line280] [thread: main] [time: 22:50:44] - Creating shared instance of singleton bean 'org.springframework.boot.autoconfigure.web.servlet.WebMvcAutoConfiguration$WebMvcAutoConfigurationAdapter'
[2025-22:50:44.729][DEBUG][org.springframework.beans.factory.support.DefaultListableBeanFactory.registerDependentBeans:line954] [thread: main] [time: 22:50:44] - Autowiring by type from bean name 'org.springframework.boot.autoconfigure.web.servlet.WebMvcAutoConfiguration$WebMvcAutoConfigurationAdapter' via constructor to bean named 'spring.web-org.springframework.boot.autoconfigure.web.WebProperties'
[2025-22:50:44.730][DEBUG][org.springframework.beans.factory.support.DefaultListableBeanFactory.registerDependentBeans:line954] [thread: main] [time: 22:50:44] - Autowiring by type from bean name 'org.springframework.boot.autoconfigure.web.servlet.WebMvcAutoConfiguration$WebMvcAutoConfigurationAdapter' via constructor to bean named 'spring.mvc-org.springframework.boot.autoconfigure.web.servlet.WebMvcProperties'
[2025-22:50:44.730][DEBUG][org.springframework.beans.factory.support.DefaultListableBeanFactory.registerDependentBeans:line954] [thread: main] [time: 22:50:44] - Autowiring by type from bean name 'org.springframework.boot.autoconfigure.web.servlet.WebMvcAutoConfiguration$WebMvcAutoConfigurationAdapter' via constructor to bean named 'org.springframework.beans.factory.support.DefaultListableBeanFactory@52066604'
[2025-22:50:44.731][DEBUG][org.springframework.beans.factory.support.DefaultListableBeanFactory.getSingleton:line280] [thread: main] [time: 22:50:44] - Creating shared instance of singleton bean 'welcomePageHandlerMapping'
[2025-22:50:44.732][DEBUG][org.springframework.beans.factory.support.DefaultListableBeanFactory.getSingleton:line280] [thread: main] [time: 22:50:44] - Creating shared instance of singleton bean 'mvcConversionService'
[2025-22:50:44.736][DEBUG][org.springframework.beans.factory.support.DefaultListableBeanFactory.getSingleton:line280] [thread: main] [time: 22:50:44] - Creating shared instance of singleton bean 'mvcResourceUrlProvider'
[2025-22:50:44.738][DEBUG][org.springframework.beans.factory.support.DefaultListableBeanFactory.registerDependentBeans:line954] [thread: main] [time: 22:50:44] - Autowiring by type from bean name 'welcomePageHandlerMapping' via factory method to bean named 'org.springframework.boot.web.servlet.context.AnnotationConfigServletWebServerApplicationContext@68f1b17f'
[2025-22:50:44.738][DEBUG][org.springframework.beans.factory.support.DefaultListableBeanFactory.registerDependentBeans:line954] [thread: main] [time: 22:50:44] - Autowiring by type from bean name 'welcomePageHandlerMapping' via factory method to bean named 'mvcConversionService'
[2025-22:50:44.739][DEBUG][org.springframework.beans.factory.support.DefaultListableBeanFactory.registerDependentBeans:line954] [thread: main] [time: 22:50:44] - Autowiring by type from bean name 'welcomePageHandlerMapping' via factory method to bean named 'mvcResourceUrlProvider'
[2025-22:50:44.743][DEBUG][org.apache.catalina.webresources.Cache.log:line173] [thread: main] [time: 22:50:44] - Increased cache size by [521] for item [org.apache.catalina.webresources.CachedResource@644ded04] at [/index.html] making total cache size [1053]
[2025-22:50:44.753][DEBUG][org.springframework.beans.factory.support.DefaultListableBeanFactory.getSingleton:line280] [thread: main] [time: 22:50:44] - Creating shared instance of singleton bean 'welcomePageNotAcceptableHandlerMapping'
[2025-22:50:44.754][DEBUG][org.springframework.beans.factory.support.DefaultListableBeanFactory.registerDependentBeans:line954] [thread: main] [time: 22:50:44] - Autowiring by type from bean name 'welcomePageNotAcceptableHandlerMapping' via factory method to bean named 'org.springframework.boot.web.servlet.context.AnnotationConfigServletWebServerApplicationContext@68f1b17f'
[2025-22:50:44.755][DEBUG][org.springframework.beans.factory.support.DefaultListableBeanFactory.registerDependentBeans:line954] [thread: main] [time: 22:50:44] - Autowiring by type from bean name 'welcomePageNotAcceptableHandlerMapping' via factory method to bean named 'mvcConversionService'
[2025-22:50:44.755][DEBUG][org.springframework.beans.factory.support.DefaultListableBeanFactory.registerDependentBeans:line954] [thread: main] [time: 22:50:44] - Autowiring by type from bean name 'welcomePageNotAcceptableHandlerMapping' via factory method to bean named 'mvcResourceUrlProvider'
[2025-22:50:44.767][DEBUG][org.springframework.beans.factory.support.DefaultListableBeanFactory.getSingleton:line280] [thread: main] [time: 22:50:44] - Creating shared instance of singleton bean 'localeResolver'
[2025-22:50:44.768][DEBUG][org.springframework.beans.factory.support.DefaultListableBeanFactory.getSingleton:line280] [thread: main] [time: 22:50:44] - Creating shared instance of singleton bean 'themeResolver'
[2025-22:50:44.770][DEBUG][org.springframework.beans.factory.support.DefaultListableBeanFactory.getSingleton:line280] [thread: main] [time: 22:50:44] - Creating shared instance of singleton bean 'flashMapManager'
[2025-22:50:44.772][DEBUG][org.springframework.beans.factory.support.DefaultListableBeanFactory.getSingleton:line280] [thread: main] [time: 22:50:44] - Creating shared instance of singleton bean 'viewNameTranslator'
[2025-22:50:44.773][DEBUG][org.springframework.beans.factory.support.DefaultListableBeanFactory.getSingleton:line280] [thread: main] [time: 22:50:44] - Creating shared instance of singleton bean 'mvcValidator'
[2025-22:50:44.774][DEBUG][org.springframework.beans.factory.support.DefaultListableBeanFactory.getSingleton:line280] [thread: main] [time: 22:50:44] - Creating shared instance of singleton bean 'mvcContentNegotiationManager'
[2025-22:50:44.779][DEBUG][org.springframework.beans.factory.support.DefaultListableBeanFactory.getSingleton:line280] [thread: main] [time: 22:50:44] - Creating shared instance of singleton bean 'requestMappingHandlerMapping'
[2025-22:50:44.780][DEBUG][org.springframework.beans.factory.support.DefaultListableBeanFactory.registerDependentBeans:line954] [thread: main] [time: 22:50:44] - Autowiring by type from bean name 'requestMappingHandlerMapping' via factory method to bean named 'mvcContentNegotiationManager'
[2025-22:50:44.781][DEBUG][org.springframework.beans.factory.support.DefaultListableBeanFactory.registerDependentBeans:line954] [thread: main] [time: 22:50:44] - Autowiring by type from bean name 'requestMappingHandlerMapping' via factory method to bean named 'mvcConversionService'
[2025-22:50:44.781][DEBUG][org.springframework.beans.factory.support.DefaultListableBeanFactory.registerDependentBeans:line954] [thread: main] [time: 22:50:44] - Autowiring by type from bean name 'requestMappingHandlerMapping' via factory method to bean named 'mvcResourceUrlProvider'
[2025-22:50:44.820][DEBUG][_org.springframework.web.servlet.HandlerMapping.Mappings.detectHandlerMethods:line294] [thread: main] [time: 22:50:44] - 
	o.s.b.a.w.s.e.BasicErrorController:
	{ [/error]}: error(HttpServletRequest)
	{ [/error], produces [text/html]}: errorHtml(HttpServletRequest,HttpServletResponse)
[2025-22:50:44.827][DEBUG][org.springframework.web.servlet.mvc.method.annotation.RequestMappingHandlerMapping.handlerMethodsInitialized:line366] [thread: main] [time: 22:50:44] - 2 mappings in 'requestMappingHandlerMapping'
[2025-22:50:44.828][DEBUG][org.springframework.beans.factory.support.DefaultListableBeanFactory.getSingleton:line280] [thread: main] [time: 22:50:44] - Creating shared instance of singleton bean 'mvcPatternParser'
[2025-22:50:44.828][DEBUG][org.springframework.beans.factory.support.DefaultListableBeanFactory.getSingleton:line280] [thread: main] [time: 22:50:44] - Creating shared instance of singleton bean 'mvcUrlPathHelper'
[2025-22:50:44.829][DEBUG][org.springframework.beans.factory.support.DefaultListableBeanFactory.getSingleton:line280] [thread: main] [time: 22:50:44] - Creating shared instance of singleton bean 'mvcPathMatcher'
[2025-22:50:44.830][DEBUG][org.springframework.beans.factory.support.DefaultListableBeanFactory.getSingleton:line280] [thread: main] [time: 22:50:44] - Creating shared instance of singleton bean 'viewControllerHandlerMapping'
[2025-22:50:44.830][DEBUG][org.springframework.beans.factory.support.DefaultListableBeanFactory.registerDependentBeans:line954] [thread: main] [time: 22:50:44] - Autowiring by type from bean name 'viewControllerHandlerMapping' via factory method to bean named 'mvcConversionService'
[2025-22:50:44.830][DEBUG][org.springframework.beans.factory.support.DefaultListableBeanFactory.registerDependentBeans:line954] [thread: main] [time: 22:50:44] - Autowiring by type from bean name 'viewControllerHandlerMapping' via factory method to bean named 'mvcResourceUrlProvider'
[2025-22:50:44.831][DEBUG][org.springframework.beans.factory.support.DefaultListableBeanFactory.getSingleton:line280] [thread: main] [time: 22:50:44] - Creating shared instance of singleton bean 'beanNameHandlerMapping'
[2025-22:50:44.832][DEBUG][org.springframework.beans.factory.support.DefaultListableBeanFactory.registerDependentBeans:line954] [thread: main] [time: 22:50:44] - Autowiring by type from bean name 'beanNameHandlerMapping' via factory method to bean named 'mvcConversionService'
[2025-22:50:44.832][DEBUG][org.springframework.beans.factory.support.DefaultListableBeanFactory.registerDependentBeans:line954] [thread: main] [time: 22:50:44] - Autowiring by type from bean name 'beanNameHandlerMapping' via factory method to bean named 'mvcResourceUrlProvider'
[2025-22:50:44.833][DEBUG][_org.springframework.web.servlet.HandlerMapping.Mappings.detectHandlers:line86] [thread: main] [time: 22:50:44] - 'beanNameHandlerMapping' {}
[2025-22:50:44.834][DEBUG][org.springframework.beans.factory.support.DefaultListableBeanFactory.getSingleton:line280] [thread: main] [time: 22:50:44] - Creating shared instance of singleton bean 'routerFunctionMapping'
[2025-22:50:44.835][DEBUG][org.springframework.beans.factory.support.DefaultListableBeanFactory.registerDependentBeans:line954] [thread: main] [time: 22:50:44] - Autowiring by type from bean name 'routerFunctionMapping' via factory method to bean named 'mvcConversionService'
[2025-22:50:44.835][DEBUG][org.springframework.beans.factory.support.DefaultListableBeanFactory.registerDependentBeans:line954] [thread: main] [time: 22:50:44] - Autowiring by type from bean name 'routerFunctionMapping' via factory method to bean named 'mvcResourceUrlProvider'
[2025-22:50:44.836][DEBUG][org.springframework.beans.factory.support.DefaultListableBeanFactory.getSingleton:line280] [thread: main] [time: 22:50:44] - Creating shared instance of singleton bean 'messageConverters'
[2025-22:50:44.836][DEBUG][org.springframework.beans.factory.support.DefaultListableBeanFactory.getSingleton:line280] [thread: main] [time: 22:50:44] - Creating shared instance of singleton bean 'org.springframework.boot.autoconfigure.http.HttpMessageConvertersAutoConfiguration'
[2025-22:50:44.840][DEBUG][org.springframework.beans.factory.support.DefaultListableBeanFactory.getSingleton:line280] [thread: main] [time: 22:50:44] - Creating shared instance of singleton bean 'stringHttpMessageConverter'
[2025-22:50:44.840][DEBUG][org.springframework.beans.factory.support.DefaultListableBeanFactory.getSingleton:line280] [thread: main] [time: 22:50:44] - Creating shared instance of singleton bean 'org.springframework.boot.autoconfigure.http.HttpMessageConvertersAutoConfiguration$StringHttpMessageConverterConfiguration'
[2025-22:50:44.840][DEBUG][org.springframework.beans.factory.support.DefaultListableBeanFactory.registerDependentBeans:line954] [thread: main] [time: 22:50:44] - Autowiring by type from bean name 'stringHttpMessageConverter' via factory method to bean named 'environment'
[2025-22:50:44.844][DEBUG][org.springframework.beans.factory.support.DefaultListableBeanFactory.getSingleton:line280] [thread: main] [time: 22:50:44] - Creating shared instance of singleton bean 'mappingJackson2HttpMessageConverter'
[2025-22:50:44.845][DEBUG][org.springframework.beans.factory.support.DefaultListableBeanFactory.getSingleton:line280] [thread: main] [time: 22:50:44] - Creating shared instance of singleton bean 'org.springframework.boot.autoconfigure.http.JacksonHttpMessageConvertersConfiguration$MappingJackson2HttpMessageConverterConfiguration'
[2025-22:50:44.845][DEBUG][org.springframework.beans.factory.support.DefaultListableBeanFactory.getSingleton:line280] [thread: main] [time: 22:50:44] - Creating shared instance of singleton bean 'jacksonObjectMapper'
[2025-22:50:44.846][DEBUG][org.springframework.beans.factory.support.DefaultListableBeanFactory.getSingleton:line280] [thread: main] [time: 22:50:44] - Creating shared instance of singleton bean 'org.springframework.boot.autoconfigure.jackson.JacksonAutoConfiguration$JacksonObjectMapperConfiguration'
[2025-22:50:44.846][DEBUG][org.springframework.beans.factory.support.DefaultListableBeanFactory.getSingleton:line280] [thread: main] [time: 22:50:44] - Creating shared instance of singleton bean 'org.springframework.boot.autoconfigure.jackson.JacksonAutoConfiguration$JacksonObjectMapperBuilderConfiguration'
[2025-22:50:44.848][DEBUG][org.springframework.beans.factory.support.DefaultListableBeanFactory.getSingleton:line280] [thread: main] [time: 22:50:44] - Creating shared instance of singleton bean 'standardJacksonObjectMapperBuilderCustomizer'
[2025-22:50:44.848][DEBUG][org.springframework.beans.factory.support.DefaultListableBeanFactory.getSingleton:line280] [thread: main] [time: 22:50:44] - Creating shared instance of singleton bean 'org.springframework.boot.autoconfigure.jackson.JacksonAutoConfiguration$Jackson2ObjectMapperBuilderCustomizerConfiguration'
[2025-22:50:44.849][DEBUG][org.springframework.beans.factory.support.DefaultListableBeanFactory.getSingleton:line280] [thread: main] [time: 22:50:44] - Creating shared instance of singleton bean 'spring.jackson-org.springframework.boot.autoconfigure.jackson.JacksonProperties'
[2025-22:50:44.852][DEBUG][org.springframework.beans.factory.support.DefaultListableBeanFactory.registerDependentBeans:line954] [thread: main] [time: 22:50:44] - Autowiring by type from bean name 'standardJacksonObjectMapperBuilderCustomizer' via factory method to bean named 'spring.jackson-org.springframework.boot.autoconfigure.jackson.JacksonProperties'
[2025-22:50:44.853][DEBUG][org.springframework.beans.factory.support.DefaultListableBeanFactory.getSingleton:line280] [thread: main] [time: 22:50:44] - Creating shared instance of singleton bean 'parameterNamesModule'
[2025-22:50:44.853][DEBUG][org.springframework.beans.factory.support.DefaultListableBeanFactory.getSingleton:line280] [thread: main] [time: 22:50:44] - Creating shared instance of singleton bean 'org.springframework.boot.autoconfigure.jackson.JacksonAutoConfiguration$ParameterNamesModuleConfiguration'
[2025-22:50:44.856][DEBUG][org.springframework.beans.factory.support.DefaultListableBeanFactory.getSingleton:line280] [thread: main] [time: 22:50:44] - Creating shared instance of singleton bean 'jsonMixinModule'
[2025-22:50:44.857][DEBUG][org.springframework.beans.factory.support.DefaultListableBeanFactory.getSingleton:line280] [thread: main] [time: 22:50:44] - Creating shared instance of singleton bean 'org.springframework.boot.autoconfigure.jackson.JacksonAutoConfiguration$JacksonMixinConfiguration'
[2025-22:50:44.858][DEBUG][org.springframework.beans.factory.support.DefaultListableBeanFactory.getSingleton:line280] [thread: main] [time: 22:50:44] - Creating shared instance of singleton bean 'jsonMixinModuleEntries'
[2025-22:50:44.858][DEBUG][org.springframework.beans.factory.support.DefaultListableBeanFactory.registerDependentBeans:line954] [thread: main] [time: 22:50:44] - Autowiring by type from bean name 'jsonMixinModuleEntries' via factory method to bean named 'org.springframework.boot.web.servlet.context.AnnotationConfigServletWebServerApplicationContext@68f1b17f'
[2025-22:50:44.859][DEBUG][org.springframework.boot.autoconfigure.AutoConfigurationPackages.get:line213] [thread: main] [time: 22:50:44] - @EnableAutoConfiguration was declared on a class in the package 'com.voltriver.demo'. Automatic @Repository and @Entity scanning is enabled.
[2025-22:50:44.863][DEBUG][org.springframework.beans.factory.support.DefaultListableBeanFactory.registerDependentBeans:line954] [thread: main] [time: 22:50:44] - Autowiring by type from bean name 'jsonMixinModule' via factory method to bean named 'org.springframework.boot.web.servlet.context.AnnotationConfigServletWebServerApplicationContext@68f1b17f'
[2025-22:50:44.863][DEBUG][org.springframework.beans.factory.support.DefaultListableBeanFactory.registerDependentBeans:line954] [thread: main] [time: 22:50:44] - Autowiring by type from bean name 'jsonMixinModule' via factory method to bean named 'jsonMixinModuleEntries'
[2025-22:50:44.865][DEBUG][org.springframework.beans.factory.support.DefaultListableBeanFactory.getSingleton:line280] [thread: main] [time: 22:50:44] - Creating shared instance of singleton bean 'jsonComponentModule'
[2025-22:50:44.865][DEBUG][org.springframework.beans.factory.support.DefaultListableBeanFactory.getSingleton:line280] [thread: main] [time: 22:50:44] - Creating shared instance of singleton bean 'org.springframework.boot.autoconfigure.jackson.JacksonAutoConfiguration'
[2025-22:50:44.869][DEBUG][org.springframework.beans.factory.support.DefaultListableBeanFactory.registerDependentBeans:line954] [thread: main] [time: 22:50:44] - Autowiring by type from bean name 'jacksonObjectMapperBuilder' via factory method to bean named 'org.springframework.boot.web.servlet.context.AnnotationConfigServletWebServerApplicationContext@68f1b17f'
[2025-22:50:44.870][DEBUG][org.springframework.beans.factory.support.DefaultListableBeanFactory.registerDependentBeans:line954] [thread: main] [time: 22:50:44] - Autowiring by type from bean name 'jacksonObjectMapperBuilder' via factory method to bean named 'standardJacksonObjectMapperBuilderCustomizer'
[2025-22:50:44.873][DEBUG][org.springframework.beans.factory.support.DefaultListableBeanFactory.registerDependentBeans:line954] [thread: main] [time: 22:50:44] - Autowiring by type from bean name 'jacksonObjectMapper' via factory method to bean named 'jacksonObjectMapperBuilder'
[2025-22:50:44.883][DEBUG][org.springframework.beans.factory.support.DefaultListableBeanFactory.registerDependentBeans:line954] [thread: main] [time: 22:50:44] - Autowiring by type from bean name 'mappingJackson2HttpMessageConverter' via factory method to bean named 'jacksonObjectMapper'
[2025-22:50:44.889][DEBUG][org.springframework.beans.factory.support.DefaultListableBeanFactory.getSingleton:line280] [thread: main] [time: 22:50:44] - Creating shared instance of singleton bean 'resourceHandlerMapping'
[2025-22:50:44.890][DEBUG][org.springframework.beans.factory.support.DefaultListableBeanFactory.registerDependentBeans:line954] [thread: main] [time: 22:50:44] - Autowiring by type from bean name 'resourceHandlerMapping' via factory method to bean named 'mvcContentNegotiationManager'
[2025-22:50:44.890][DEBUG][org.springframework.beans.factory.support.DefaultListableBeanFactory.registerDependentBeans:line954] [thread: main] [time: 22:50:44] - Autowiring by type from bean name 'resourceHandlerMapping' via factory method to bean named 'mvcConversionService'
[2025-22:50:44.890][DEBUG][org.springframework.beans.factory.support.DefaultListableBeanFactory.registerDependentBeans:line954] [thread: main] [time: 22:50:44] - Autowiring by type from bean name 'resourceHandlerMapping' via factory method to bean named 'mvcResourceUrlProvider'
[2025-22:50:44.901][DEBUG][org.apache.catalina.webresources.Cache.log:line173] [thread: main] [time: 22:50:44] - Increased cache size by [501] for item [org.apache.catalina.webresources.CachedResource@4cc36c19] at [/] making total cache size [1554]
[2025-22:50:44.904][DEBUG][_org.springframework.web.servlet.HandlerMapping.Mappings.logMappings:line176] [thread: main] [time: 22:50:44] - 'resourceHandlerMapping' {/webjars/**=ResourceHttpRequestHandler [classpath [META-INF/resources/webjars/]], /**=ResourceHttpRequestHandler [classpath [META-INF/resources/], classpath [resources/], classpath [static/], classpath [public/], ServletContext [/]]}
[2025-22:50:44.904][DEBUG][org.springframework.beans.factory.support.DefaultListableBeanFactory.getSingleton:line280] [thread: main] [time: 22:50:44] - Creating shared instance of singleton bean 'defaultServletHandlerMapping'
[2025-22:50:44.904][DEBUG][org.springframework.beans.factory.support.DefaultListableBeanFactory.getSingleton:line280] [thread: main] [time: 22:50:44] - Creating shared instance of singleton bean 'requestMappingHandlerAdapter'
[2025-22:50:44.906][DEBUG][org.springframework.beans.factory.support.DefaultListableBeanFactory.registerDependentBeans:line954] [thread: main] [time: 22:50:44] - Autowiring by type from bean name 'requestMappingHandlerAdapter' via factory method to bean named 'mvcContentNegotiationManager'
[2025-22:50:44.906][DEBUG][org.springframework.beans.factory.support.DefaultListableBeanFactory.registerDependentBeans:line954] [thread: main] [time: 22:50:44] - Autowiring by type from bean name 'requestMappingHandlerAdapter' via factory method to bean named 'mvcConversionService'
[2025-22:50:44.906][DEBUG][org.springframework.beans.factory.support.DefaultListableBeanFactory.registerDependentBeans:line954] [thread: main] [time: 22:50:44] - Autowiring by type from bean name 'requestMappingHandlerAdapter' via factory method to bean named 'mvcValidator'
[2025-22:50:44.915][DEBUG][org.springframework.beans.factory.support.DefaultListableBeanFactory.getSingleton:line280] [thread: main] [time: 22:50:44] - Creating shared instance of singleton bean 'applicationTaskExecutor'
[2025-22:50:44.917][DEBUG][org.springframework.beans.factory.support.DefaultListableBeanFactory.registerDependentBeans:line954] [thread: main] [time: 22:50:44] - Autowiring by type from bean name 'applicationTaskExecutor' via factory method to bean named 'threadPoolTaskExecutorBuilder'
[2025-22:50:44.922][DEBUG][org.springframework.scheduling.concurrent.ThreadPoolTaskExecutor.initialize:line304] [thread: main] [time: 22:50:44] - Initializing ExecutorService 'applicationTaskExecutor'
[2025-22:50:44.931][DEBUG][org.springframework.web.servlet.mvc.method.annotation.RequestMappingHandlerAdapter.initControllerAdviceCache:line666] [thread: main] [time: 22:50:44] - ControllerAdvice beans: 0 @ModelAttribute, 0 @InitBinder, 1 RequestBodyAdvice, 1 ResponseBodyAdvice
[2025-22:50:44.953][DEBUG][org.springframework.beans.factory.support.DefaultListableBeanFactory.getSingleton:line280] [thread: main] [time: 22:50:44] - Creating shared instance of singleton bean 'mvcViewResolver'
[2025-22:50:44.954][DEBUG][org.springframework.beans.factory.support.DefaultListableBeanFactory.registerDependentBeans:line954] [thread: main] [time: 22:50:44] - Autowiring by type from bean name 'mvcViewResolver' via factory method to bean named 'mvcContentNegotiationManager'
[2025-22:50:44.956][DEBUG][org.springframework.beans.factory.support.DefaultListableBeanFactory.getSingleton:line280] [thread: main] [time: 22:50:44] - Creating shared instance of singleton bean 'defaultViewResolver'
[2025-22:50:44.961][DEBUG][org.springframework.beans.factory.support.DefaultListableBeanFactory.getSingleton:line280] [thread: main] [time: 22:50:44] - Creating shared instance of singleton bean 'viewResolver'
[2025-22:50:44.962][DEBUG][org.springframework.beans.factory.support.DefaultListableBeanFactory.registerDependentBeans:line954] [thread: main] [time: 22:50:44] - Autowiring by type from bean name 'viewResolver' via factory method to bean named 'org.springframework.beans.factory.support.DefaultListableBeanFactory@52066604'
[2025-22:50:44.964][DEBUG][org.springframework.beans.factory.support.DefaultListableBeanFactory.getSingleton:line280] [thread: main] [time: 22:50:44] - Creating shared instance of singleton bean 'viewResolver'
[2025-22:50:44.972][DEBUG][org.springframework.beans.factory.support.DefaultListableBeanFactory.getSingleton:line280] [thread: main] [time: 22:50:44] - Creating shared instance of singleton bean 'handlerFunctionAdapter'
[2025-22:50:44.974][DEBUG][org.springframework.beans.factory.support.DefaultListableBeanFactory.getSingleton:line280] [thread: main] [time: 22:50:44] - Creating shared instance of singleton bean 'mvcUriComponentsContributor'
[2025-22:50:44.974][DEBUG][org.springframework.beans.factory.support.DefaultListableBeanFactory.registerDependentBeans:line954] [thread: main] [time: 22:50:44] - Autowiring by type from bean name 'mvcUriComponentsContributor' via factory method to bean named 'mvcConversionService'
[2025-22:50:44.975][DEBUG][org.springframework.beans.factory.support.DefaultListableBeanFactory.registerDependentBeans:line954] [thread: main] [time: 22:50:44] - Autowiring by type from bean name 'mvcUriComponentsContributor' via factory method to bean named 'requestMappingHandlerAdapter'
[2025-22:50:44.976][DEBUG][org.springframework.beans.factory.support.DefaultListableBeanFactory.getSingleton:line280] [thread: main] [time: 22:50:44] - Creating shared instance of singleton bean 'httpRequestHandlerAdapter'
[2025-22:50:44.977][DEBUG][org.springframework.beans.factory.support.DefaultListableBeanFactory.getSingleton:line280] [thread: main] [time: 22:50:44] - Creating shared instance of singleton bean 'simpleControllerHandlerAdapter'
[2025-22:50:44.977][DEBUG][org.springframework.beans.factory.support.DefaultListableBeanFactory.getSingleton:line280] [thread: main] [time: 22:50:44] - Creating shared instance of singleton bean 'handlerExceptionResolver'
[2025-22:50:44.978][DEBUG][org.springframework.beans.factory.support.DefaultListableBeanFactory.registerDependentBeans:line954] [thread: main] [time: 22:50:44] - Autowiring by type from bean name 'handlerExceptionResolver' via factory method to bean named 'mvcContentNegotiationManager'
[2025-22:50:44.980][DEBUG][org.springframework.web.servlet.mvc.method.annotation.ExceptionHandlerExceptionResolver.initExceptionHandlerAdviceCache:line336] [thread: main] [time: 22:50:44] - ControllerAdvice beans: 0 @ExceptionHandler, 1 ResponseBodyAdvice
[2025-22:50:44.983][DEBUG][org.springframework.beans.factory.support.DefaultListableBeanFactory.getSingleton:line280] [thread: main] [time: 22:50:44] - Creating shared instance of singleton bean 'org.springframework.boot.autoconfigure.aop.AopAutoConfiguration$ClassProxyingConfiguration'
[2025-22:50:44.983][DEBUG][org.springframework.beans.factory.support.DefaultListableBeanFactory.getSingleton:line280] [thread: main] [time: 22:50:44] - Creating shared instance of singleton bean 'org.springframework.boot.autoconfigure.aop.AopAutoConfiguration'
[2025-22:50:44.984][DEBUG][org.springframework.beans.factory.support.DefaultListableBeanFactory.getSingleton:line280] [thread: main] [time: 22:50:44] - Creating shared instance of singleton bean 'org.springframework.boot.autoconfigure.availability.ApplicationAvailabilityAutoConfiguration'
[2025-22:50:44.985][DEBUG][org.springframework.beans.factory.support.DefaultListableBeanFactory.getSingleton:line280] [thread: main] [time: 22:50:44] - Creating shared instance of singleton bean 'applicationAvailability'
[2025-22:50:44.987][DEBUG][org.springframework.beans.factory.support.DefaultListableBeanFactory.getSingleton:line280] [thread: main] [time: 22:50:44] - Creating shared instance of singleton bean 'org.springframework.boot.autoconfigure.context.ConfigurationPropertiesAutoConfiguration'
[2025-22:50:44.987][DEBUG][org.springframework.beans.factory.support.DefaultListableBeanFactory.getSingleton:line280] [thread: main] [time: 22:50:44] - Creating shared instance of singleton bean 'org.springframework.boot.autoconfigure.context.LifecycleAutoConfiguration'
[2025-22:50:44.987][DEBUG][org.springframework.beans.factory.support.DefaultListableBeanFactory.getSingleton:line280] [thread: main] [time: 22:50:44] - Creating shared instance of singleton bean 'lifecycleProcessor'
[2025-22:50:44.988][DEBUG][org.springframework.beans.factory.support.DefaultListableBeanFactory.getSingleton:line280] [thread: main] [time: 22:50:44] - Creating shared instance of singleton bean 'spring.lifecycle-org.springframework.boot.autoconfigure.context.LifecycleProperties'
[2025-22:50:44.988][DEBUG][org.springframework.beans.factory.support.DefaultListableBeanFactory.registerDependentBeans:line954] [thread: main] [time: 22:50:44] - Autowiring by type from bean name 'lifecycleProcessor' via factory method to bean named 'spring.lifecycle-org.springframework.boot.autoconfigure.context.LifecycleProperties'
[2025-22:50:44.990][DEBUG][org.springframework.beans.factory.support.DefaultListableBeanFactory.getSingleton:line280] [thread: main] [time: 22:50:44] - Creating shared instance of singleton bean 'org.springframework.boot.autoconfigure.http.JacksonHttpMessageConvertersConfiguration'
[2025-22:50:44.990][DEBUG][org.springframework.beans.factory.support.DefaultListableBeanFactory.getSingleton:line280] [thread: main] [time: 22:50:44] - Creating shared instance of singleton bean 'org.springframework.boot.autoconfigure.http.client.HttpClientAutoConfiguration'
[2025-22:50:44.990][DEBUG][org.springframework.beans.factory.support.DefaultListableBeanFactory.getSingleton:line280] [thread: main] [time: 22:50:44] - Creating shared instance of singleton bean 'clientHttpRequestFactoryBuilder'
[2025-22:50:44.991][DEBUG][org.springframework.beans.factory.support.DefaultListableBeanFactory.getSingleton:line280] [thread: main] [time: 22:50:44] - Creating shared instance of singleton bean 'spring.http.client-org.springframework.boot.autoconfigure.http.client.HttpClientProperties'
[2025-22:50:44.992][DEBUG][org.springframework.beans.factory.support.DefaultListableBeanFactory.registerDependentBeans:line954] [thread: main] [time: 22:50:44] - Autowiring by type from bean name 'clientHttpRequestFactoryBuilder' via factory method to bean named 'spring.http.client-org.springframework.boot.autoconfigure.http.client.HttpClientProperties'
[2025-22:50:44.997][DEBUG][org.springframework.beans.factory.support.DefaultListableBeanFactory.getSingleton:line280] [thread: main] [time: 22:50:44] - Creating shared instance of singleton bean 'clientHttpRequestFactorySettings'
[2025-22:50:44.997][DEBUG][org.springframework.beans.factory.support.DefaultListableBeanFactory.registerDependentBeans:line954] [thread: main] [time: 22:50:44] - Autowiring by type from bean name 'clientHttpRequestFactorySettings' via factory method to bean named 'spring.http.client-org.springframework.boot.autoconfigure.http.client.HttpClientProperties'
[2025-22:50:44.998][DEBUG][org.springframework.beans.factory.support.DefaultListableBeanFactory.getSingleton:line280] [thread: main] [time: 22:50:44] - Creating shared instance of singleton bean 'org.springframework.boot.autoconfigure.info.ProjectInfoAutoConfiguration'
[2025-22:50:44.999][DEBUG][org.springframework.beans.factory.support.DefaultListableBeanFactory.getSingleton:line280] [thread: main] [time: 22:50:44] - Creating shared instance of singleton bean 'spring.info-org.springframework.boot.autoconfigure.info.ProjectInfoProperties'
[2025-22:50:45.001][DEBUG][org.springframework.beans.factory.support.DefaultListableBeanFactory.registerDependentBeans:line954] [thread: main] [time: 22:50:45] - Autowiring by type from bean name 'org.springframework.boot.autoconfigure.info.ProjectInfoAutoConfiguration' via constructor to bean named 'spring.info-org.springframework.boot.autoconfigure.info.ProjectInfoProperties'
[2025-22:50:45.001][DEBUG][org.springframework.beans.factory.support.DefaultListableBeanFactory.getSingleton:line280] [thread: main] [time: 22:50:45] - Creating shared instance of singleton bean 'org.springframework.boot.autoconfigure.mail.MailSenderAutoConfiguration'
[2025-22:50:45.002][DEBUG][org.springframework.beans.factory.support.DefaultListableBeanFactory.getSingleton:line280] [thread: main] [time: 22:50:45] - Creating shared instance of singleton bean 'org.springframework.boot.autoconfigure.sql.init.SqlInitializationAutoConfiguration'
[2025-22:50:45.002][DEBUG][org.springframework.beans.factory.support.DefaultListableBeanFactory.getSingleton:line280] [thread: main] [time: 22:50:45] - Creating shared instance of singleton bean 'spring.sql.init-org.springframework.boot.autoconfigure.sql.init.SqlInitializationProperties'
[2025-22:50:45.004][DEBUG][org.springframework.beans.factory.support.DefaultListableBeanFactory.getSingleton:line280] [thread: main] [time: 22:50:45] - Creating shared instance of singleton bean 'org.springframework.boot.autoconfigure.task.TaskSchedulingConfigurations$ThreadPoolTaskSchedulerBuilderConfiguration'
[2025-22:50:45.005][DEBUG][org.springframework.beans.factory.support.DefaultListableBeanFactory.getSingleton:line280] [thread: main] [time: 22:50:45] - Creating shared instance of singleton bean 'threadPoolTaskSchedulerBuilder'
[2025-22:50:45.006][DEBUG][org.springframework.beans.factory.support.DefaultListableBeanFactory.getSingleton:line280] [thread: main] [time: 22:50:45] - Creating shared instance of singleton bean 'spring.task.scheduling-org.springframework.boot.autoconfigure.task.TaskSchedulingProperties'
[2025-22:50:45.007][DEBUG][org.springframework.beans.factory.support.DefaultListableBeanFactory.registerDependentBeans:line954] [thread: main] [time: 22:50:45] - Autowiring by type from bean name 'threadPoolTaskSchedulerBuilder' via factory method to bean named 'spring.task.scheduling-org.springframework.boot.autoconfigure.task.TaskSchedulingProperties'
[2025-22:50:45.008][DEBUG][org.springframework.beans.factory.support.DefaultListableBeanFactory.getSingleton:line280] [thread: main] [time: 22:50:45] - Creating shared instance of singleton bean 'org.springframework.boot.autoconfigure.task.TaskSchedulingConfigurations$SimpleAsyncTaskSchedulerBuilderConfiguration'
[2025-22:50:45.009][DEBUG][org.springframework.beans.factory.support.DefaultListableBeanFactory.registerDependentBeans:line954] [thread: main] [time: 22:50:45] - Autowiring by type from bean name 'org.springframework.boot.autoconfigure.task.TaskSchedulingConfigurations$SimpleAsyncTaskSchedulerBuilderConfiguration' via constructor to bean named 'spring.task.scheduling-org.springframework.boot.autoconfigure.task.TaskSchedulingProperties'
[2025-22:50:45.009][DEBUG][org.springframework.beans.factory.support.DefaultListableBeanFactory.getSingleton:line280] [thread: main] [time: 22:50:45] - Creating shared instance of singleton bean 'simpleAsyncTaskSchedulerBuilder'
[2025-22:50:45.011][DEBUG][org.springframework.beans.factory.support.DefaultListableBeanFactory.getSingleton:line280] [thread: main] [time: 22:50:45] - Creating shared instance of singleton bean 'org.springframework.boot.autoconfigure.task.TaskSchedulingAutoConfiguration'
[2025-22:50:45.012][DEBUG][org.springframework.beans.factory.support.DefaultListableBeanFactory.getSingleton:line280] [thread: main] [time: 22:50:45] - Creating shared instance of singleton bean 'org.springframework.boot.autoconfigure.web.client.RestClientAutoConfiguration'
[2025-22:50:45.012][DEBUG][org.springframework.beans.factory.support.DefaultListableBeanFactory.getSingleton:line280] [thread: main] [time: 22:50:45] - Creating shared instance of singleton bean 'httpMessageConvertersRestClientCustomizer'
[2025-22:50:45.013][DEBUG][org.springframework.beans.factory.support.DefaultListableBeanFactory.getSingleton:line280] [thread: main] [time: 22:50:45] - Creating shared instance of singleton bean 'restClientSsl'
[2025-22:50:45.013][DEBUG][org.springframework.beans.factory.support.DefaultListableBeanFactory.registerDependentBeans:line954] [thread: main] [time: 22:50:45] - Autowiring by type from bean name 'restClientSsl' via factory method to bean named 'sslBundleRegistry'
[2025-22:50:45.015][DEBUG][org.springframework.beans.factory.support.DefaultListableBeanFactory.getSingleton:line280] [thread: main] [time: 22:50:45] - Creating shared instance of singleton bean 'restClientBuilderConfigurer'
[2025-22:50:45.016][DEBUG][org.springframework.beans.factory.support.DefaultListableBeanFactory.getSingleton:line280] [thread: main] [time: 22:50:45] - Creating shared instance of singleton bean 'org.springframework.boot.autoconfigure.web.client.RestTemplateAutoConfiguration'
[2025-22:50:45.017][DEBUG][org.springframework.beans.factory.support.DefaultListableBeanFactory.getSingleton:line280] [thread: main] [time: 22:50:45] - Creating shared instance of singleton bean 'org.springframework.boot.autoconfigure.web.embedded.EmbeddedWebServerFactoryCustomizerAutoConfiguration'
[2025-22:50:45.017][DEBUG][org.springframework.beans.factory.support.DefaultListableBeanFactory.getSingleton:line280] [thread: main] [time: 22:50:45] - Creating shared instance of singleton bean 'multipartResolver'
[2025-22:50:45.030][DEBUG][org.springframework.context.support.DefaultLifecycleProcessor.start:line507] [thread: main] [time: 22:50:45] - Starting beans in phase -2147483647
[2025-22:50:45.031][DEBUG][org.springframework.context.support.DefaultLifecycleProcessor.doStart:line329] [thread: main] [time: 22:50:45] - Successfully started bean 'springBootLoggingLifecycle'
[2025-22:50:45.031][DEBUG][org.springframework.context.support.DefaultLifecycleProcessor.start:line507] [thread: main] [time: 22:50:45] - Starting beans in phase 1073741823
[2025-22:50:45.031][DEBUG][org.springframework.context.support.DefaultLifecycleProcessor.start:line507] [thread: main] [time: 22:50:45] - Starting beans in phase 2147481599
[2025-22:50:45.057][INFO ][org.springframework.boot.web.embedded.tomcat.TomcatWebServer.start:line243] [thread: main] [time: 22:50:45] - Tomcat started on port 8080 (http) with context path '/'
[2025-22:50:45.058][DEBUG][org.springframework.context.support.DefaultLifecycleProcessor.doStart:line329] [thread: main] [time: 22:50:45] - Successfully started bean 'webServerStartStop'
[2025-22:50:45.058][DEBUG][org.springframework.context.support.DefaultLifecycleProcessor.start:line507] [thread: main] [time: 22:50:45] - Starting beans in phase 2147482623
[2025-22:50:45.058][DEBUG][org.springframework.context.support.DefaultLifecycleProcessor.doStart:line329] [thread: main] [time: 22:50:45] - Successfully started bean 'webServerGracefulShutdown'
[2025-22:50:45.071][DEBUG][org.springframework.boot.autoconfigure.logging.ConditionEvaluationReportLogger.logReport:line72] [thread: main] [time: 22:50:45] - 


============================
CONDITIONS EVALUATION REPORT
============================


Positive matches:
-----------------

   AopAutoConfiguration matched:
      - @ConditionalOnProperty (spring.aop.auto=true) matched (OnPropertyCondition)

   AopAutoConfiguration.ClassProxyingConfiguration matched:
      - @ConditionalOnMissingClass did not find unwanted class 'org.aspectj.weaver.Advice' (OnClassCondition)
      - @ConditionalOnProperty (spring.aop.proxy-target-class=true) matched (OnPropertyCondition)

   ApplicationAvailabilityAutoConfiguration#applicationAvailability matched:
      - @ConditionalOnMissingBean (types: org.springframework.boot.availability.ApplicationAvailability; SearchStrategy: all) did not find any beans (OnBeanCondition)

   DispatcherServletAutoConfiguration matched:
      - @ConditionalOnClass found required class 'org.springframework.web.servlet.DispatcherServlet' (OnClassCondition)
      - found 'session' scope (OnWebApplicationCondition)

   DispatcherServletAutoConfiguration.DispatcherServletConfiguration matched:
      - @ConditionalOnClass found required class 'jakarta.servlet.ServletRegistration' (OnClassCondition)
      - Default DispatcherServlet did not find dispatcher servlet beans (DispatcherServletAutoConfiguration.DefaultDispatcherServletCondition)

   DispatcherServletAutoConfiguration.DispatcherServletRegistrationConfiguration matched:
      - @ConditionalOnClass found required class 'jakarta.servlet.ServletRegistration' (OnClassCondition)
      - DispatcherServlet Registration did not find servlet registration bean (DispatcherServletAutoConfiguration.DispatcherServletRegistrationCondition)

   DispatcherServletAutoConfiguration.DispatcherServletRegistrationConfiguration#dispatcherServletRegistration matched:
      - @ConditionalOnBean (names: dispatcherServlet types: org.springframework.web.servlet.DispatcherServlet; SearchStrategy: all) found bean 'dispatcherServlet' (OnBeanCondition)

   EmbeddedWebServerFactoryCustomizerAutoConfiguration matched:
      - @ConditionalOnWebApplication (required) found 'session' scope (OnWebApplicationCondition)
      - @ConditionalOnWarDeployment the application is not deployed as a WAR file. (OnWarDeploymentCondition)

   EmbeddedWebServerFactoryCustomizerAutoConfiguration.TomcatWebServerFactoryCustomizerConfiguration matched:
      - @ConditionalOnClass found required classes 'org.apache.catalina.startup.Tomcat', 'org.apache.coyote.UpgradeProtocol' (OnClassCondition)

   ErrorMvcAutoConfiguration matched:
      - @ConditionalOnClass found required classes 'jakarta.servlet.Servlet', 'org.springframework.web.servlet.DispatcherServlet' (OnClassCondition)
      - found 'session' scope (OnWebApplicationCondition)

   ErrorMvcAutoConfiguration#basicErrorController matched:
      - @ConditionalOnMissingBean (types: org.springframework.boot.web.servlet.error.ErrorController; SearchStrategy: current) did not find any beans (OnBeanCondition)

   ErrorMvcAutoConfiguration#errorAttributes matched:
      - @ConditionalOnMissingBean (types: org.springframework.boot.web.servlet.error.ErrorAttributes; SearchStrategy: current) did not find any beans (OnBeanCondition)

   ErrorMvcAutoConfiguration.DefaultErrorViewResolverConfiguration#conventionErrorViewResolver matched:
      - @ConditionalOnBean (types: org.springframework.web.servlet.DispatcherServlet; SearchStrategy: all) found bean 'dispatcherServlet'; @ConditionalOnMissingBean (types: org.springframework.boot.autoconfigure.web.servlet.error.ErrorViewResolver; SearchStrategy: all) did not find any beans (OnBeanCondition)

   ErrorMvcAutoConfiguration.WhitelabelErrorViewConfiguration matched:
      - @ConditionalOnProperty (server.error.whitelabel.enabled) matched (OnPropertyCondition)
      - ErrorTemplate Missing did not find error template view (ErrorMvcAutoConfiguration.ErrorTemplateMissingCondition)

   ErrorMvcAutoConfiguration.WhitelabelErrorViewConfiguration#beanNameViewResolver matched:
      - @ConditionalOnMissingBean (types: org.springframework.web.servlet.view.BeanNameViewResolver; SearchStrategy: all) did not find any beans (OnBeanCondition)

   ErrorMvcAutoConfiguration.WhitelabelErrorViewConfiguration#defaultErrorView matched:
      - @ConditionalOnMissingBean (names: error; SearchStrategy: all) did not find any beans (OnBeanCondition)

   GenericCacheConfiguration matched:
      - Cache org.springframework.boot.autoconfigure.cache.GenericCacheConfiguration automatic cache type (CacheCondition)

   HttpClientAutoConfiguration matched:
      - @ConditionalOnClass found required class 'org.springframework.http.client.ClientHttpRequestFactory' (OnClassCondition)
      - NoneNestedConditions 0 matched 1 did not; NestedCondition on NotReactiveWebApplicationCondition.ReactiveWebApplication did not find reactive web application classes (NotReactiveWebApplicationCondition)

   HttpClientAutoConfiguration#clientHttpRequestFactoryBuilder matched:
      - @ConditionalOnMissingBean (types: org.springframework.boot.http.client.ClientHttpRequestFactoryBuilder; SearchStrategy: all) did not find any beans (OnBeanCondition)

   HttpClientAutoConfiguration#clientHttpRequestFactorySettings matched:
      - @ConditionalOnMissingBean (types: org.springframework.boot.http.client.ClientHttpRequestFactorySettings; SearchStrategy: all) did not find any beans (OnBeanCondition)

   HttpEncodingAutoConfiguration matched:
      - @ConditionalOnClass found required class 'org.springframework.web.filter.CharacterEncodingFilter' (OnClassCondition)
      - found 'session' scope (OnWebApplicationCondition)
      - @ConditionalOnProperty (server.servlet.encoding.enabled) matched (OnPropertyCondition)

   HttpEncodingAutoConfiguration#characterEncodingFilter matched:
      - @ConditionalOnMissingBean (types: org.springframework.web.filter.CharacterEncodingFilter; SearchStrategy: all) did not find any beans (OnBeanCondition)

   HttpMessageConvertersAutoConfiguration matched:
      - @ConditionalOnClass found required class 'org.springframework.http.converter.HttpMessageConverter' (OnClassCondition)
      - NoneNestedConditions 0 matched 1 did not; NestedCondition on HttpMessageConvertersAutoConfiguration.NotReactiveWebApplicationCondition.ReactiveWebApplication did not find reactive web application classes (HttpMessageConvertersAutoConfiguration.NotReactiveWebApplicationCondition)

   HttpMessageConvertersAutoConfiguration#messageConverters matched:
      - @ConditionalOnMissingBean (types: org.springframework.boot.autoconfigure.http.HttpMessageConverters; SearchStrategy: all) did not find any beans (OnBeanCondition)

   HttpMessageConvertersAutoConfiguration.StringHttpMessageConverterConfiguration matched:
      - @ConditionalOnClass found required class 'org.springframework.http.converter.StringHttpMessageConverter' (OnClassCondition)

   HttpMessageConvertersAutoConfiguration.StringHttpMessageConverterConfiguration#stringHttpMessageConverter matched:
      - @ConditionalOnMissingBean (types: org.springframework.http.converter.StringHttpMessageConverter; SearchStrategy: all) did not find any beans (OnBeanCondition)

   JacksonAutoConfiguration matched:
      - @ConditionalOnClass found required class 'com.fasterxml.jackson.databind.ObjectMapper' (OnClassCondition)

   JacksonAutoConfiguration.Jackson2ObjectMapperBuilderCustomizerConfiguration matched:
      - @ConditionalOnClass found required class 'org.springframework.http.converter.json.Jackson2ObjectMapperBuilder' (OnClassCondition)

   JacksonAutoConfiguration.JacksonObjectMapperBuilderConfiguration matched:
      - @ConditionalOnClass found required class 'org.springframework.http.converter.json.Jackson2ObjectMapperBuilder' (OnClassCondition)

   JacksonAutoConfiguration.JacksonObjectMapperBuilderConfiguration#jacksonObjectMapperBuilder matched:
      - @ConditionalOnMissingBean (types: org.springframework.http.converter.json.Jackson2ObjectMapperBuilder; SearchStrategy: all) did not find any beans (OnBeanCondition)

   JacksonAutoConfiguration.JacksonObjectMapperConfiguration matched:
      - @ConditionalOnClass found required class 'org.springframework.http.converter.json.Jackson2ObjectMapperBuilder' (OnClassCondition)

   JacksonAutoConfiguration.JacksonObjectMapperConfiguration#jacksonObjectMapper matched:
      - @ConditionalOnMissingBean (types: com.fasterxml.jackson.databind.ObjectMapper; SearchStrategy: all) did not find any beans (OnBeanCondition)

   JacksonAutoConfiguration.ParameterNamesModuleConfiguration matched:
      - @ConditionalOnClass found required class 'com.fasterxml.jackson.module.paramnames.ParameterNamesModule' (OnClassCondition)

   JacksonAutoConfiguration.ParameterNamesModuleConfiguration#parameterNamesModule matched:
      - @ConditionalOnMissingBean (types: com.fasterxml.jackson.module.paramnames.ParameterNamesModule; SearchStrategy: all) did not find any beans (OnBeanCondition)

   JacksonHttpMessageConvertersConfiguration.MappingJackson2HttpMessageConverterConfiguration matched:
      - @ConditionalOnClass found required class 'com.fasterxml.jackson.databind.ObjectMapper' (OnClassCondition)
      - @ConditionalOnProperty (spring.mvc.converters.preferred-json-mapper=jackson) matched (OnPropertyCondition)
      - @ConditionalOnBean (types: com.fasterxml.jackson.databind.ObjectMapper; SearchStrategy: all) found bean 'jacksonObjectMapper' (OnBeanCondition)

   JacksonHttpMessageConvertersConfiguration.MappingJackson2HttpMessageConverterConfiguration#mappingJackson2HttpMessageConverter matched:
      - @ConditionalOnMissingBean (types: org.springframework.http.converter.json.MappingJackson2HttpMessageConverter ignored: org.springframework.hateoas.server.mvc.TypeConstrainedMappingJackson2HttpMessageConverter,org.springframework.data.rest.webmvc.alps.AlpsJsonHttpMessageConverter; SearchStrategy: all) did not find any beans (OnBeanCondition)

   LifecycleAutoConfiguration#defaultLifecycleProcessor matched:
      - @ConditionalOnMissingBean (names: lifecycleProcessor; SearchStrategy: current) did not find any beans (OnBeanCondition)

   MailSenderAutoConfiguration matched:
      - @ConditionalOnClass found required classes 'jakarta.mail.internet.MimeMessage', 'jakarta.activation.MimeType', 'org.springframework.mail.MailSender' (OnClassCondition)
      - AnyNestedCondition 1 matched 1 did not; NestedCondition on MailSenderAutoConfiguration.MailSenderCondition.JndiNameProperty @ConditionalOnProperty (spring.mail.jndi-name) did not find property 'jndi-name'; NestedCondition on MailSenderAutoConfiguration.MailSenderCondition.HostProperty @ConditionalOnProperty (spring.mail.host) matched (MailSenderAutoConfiguration.MailSenderCondition)
      - @ConditionalOnMissingBean (types: org.springframework.mail.MailSender; SearchStrategy: all) did not find any beans (OnBeanCondition)

   MailSenderPropertiesConfiguration matched:
      - @ConditionalOnProperty (spring.mail.host) matched (OnPropertyCondition)

   MailSenderPropertiesConfiguration#mailSender matched:
      - @ConditionalOnMissingBean (types: org.springframework.mail.javamail.JavaMailSender; SearchStrategy: all) did not find any beans (OnBeanCondition)

   MultipartAutoConfiguration matched:
      - @ConditionalOnClass found required classes 'jakarta.servlet.Servlet', 'org.springframework.web.multipart.support.StandardServletMultipartResolver', 'jakarta.servlet.MultipartConfigElement' (OnClassCondition)
      - found 'session' scope (OnWebApplicationCondition)
      - @ConditionalOnProperty (spring.servlet.multipart.enabled) matched (OnPropertyCondition)

   MultipartAutoConfiguration#multipartConfigElement matched:
      - @ConditionalOnMissingBean (types: jakarta.servlet.MultipartConfigElement; SearchStrategy: all) did not find any beans (OnBeanCondition)

   MultipartAutoConfiguration#multipartResolver matched:
      - @ConditionalOnMissingBean (types: org.springframework.web.multipart.MultipartResolver; SearchStrategy: all) did not find any beans (OnBeanCondition)

   NoOpCacheConfiguration matched:
      - Cache org.springframework.boot.autoconfigure.cache.NoOpCacheConfiguration automatic cache type (CacheCondition)

   PropertyPlaceholderAutoConfiguration#propertySourcesPlaceholderConfigurer matched:
      - @ConditionalOnMissingBean (types: org.springframework.context.support.PropertySourcesPlaceholderConfigurer; SearchStrategy: current) did not find any beans (OnBeanCondition)

   RestClientAutoConfiguration matched:
      - @ConditionalOnClass found required class 'org.springframework.web.client.RestClient' (OnClassCondition)
      - NoneNestedConditions 0 matched 1 did not; NestedCondition on NotReactiveWebApplicationCondition.ReactiveWebApplication did not find reactive web application classes (NotReactiveWebApplicationCondition)

   RestClientAutoConfiguration#httpMessageConvertersRestClientCustomizer matched:
      - @ConditionalOnMissingBean (types: org.springframework.boot.autoconfigure.web.client.HttpMessageConvertersRestClientCustomizer; SearchStrategy: all) did not find any beans (OnBeanCondition)

   RestClientAutoConfiguration#restClientBuilder matched:
      - @ConditionalOnMissingBean (types: org.springframework.web.client.RestClient$Builder; SearchStrategy: all) did not find any beans (OnBeanCondition)

   RestClientAutoConfiguration#restClientBuilderConfigurer matched:
      - @ConditionalOnMissingBean (types: org.springframework.boot.autoconfigure.web.client.RestClientBuilderConfigurer; SearchStrategy: all) did not find any beans (OnBeanCondition)

   RestClientAutoConfiguration#restClientSsl matched:
      - @ConditionalOnBean (types: org.springframework.boot.ssl.SslBundles; SearchStrategy: all) found bean 'sslBundleRegistry'; @ConditionalOnMissingBean (types: org.springframework.boot.autoconfigure.web.client.RestClientSsl; SearchStrategy: all) did not find any beans (OnBeanCondition)

   RestTemplateAutoConfiguration matched:
      - @ConditionalOnClass found required class 'org.springframework.web.client.RestTemplate' (OnClassCondition)
      - NoneNestedConditions 0 matched 1 did not; NestedCondition on NotReactiveWebApplicationCondition.ReactiveWebApplication did not find reactive web application classes (NotReactiveWebApplicationCondition)

   RestTemplateAutoConfiguration#restTemplateBuilder matched:
      - @ConditionalOnMissingBean (types: org.springframework.boot.web.client.RestTemplateBuilder; SearchStrategy: all) did not find any beans (OnBeanCondition)

   ServletWebServerFactoryAutoConfiguration matched:
      - @ConditionalOnClass found required class 'jakarta.servlet.ServletRequest' (OnClassCondition)
      - found 'session' scope (OnWebApplicationCondition)

   ServletWebServerFactoryAutoConfiguration#tomcatServletWebServerFactoryCustomizer matched:
      - @ConditionalOnClass found required class 'org.apache.catalina.startup.Tomcat' (OnClassCondition)

   ServletWebServerFactoryConfiguration.EmbeddedTomcat matched:
      - @ConditionalOnClass found required classes 'jakarta.servlet.Servlet', 'org.apache.catalina.startup.Tomcat', 'org.apache.coyote.UpgradeProtocol' (OnClassCondition)
      - @ConditionalOnMissingBean (types: org.springframework.boot.web.servlet.server.ServletWebServerFactory; SearchStrategy: current) did not find any beans (OnBeanCondition)

   SimpleCacheConfiguration matched:
      - Cache org.springframework.boot.autoconfigure.cache.SimpleCacheConfiguration automatic cache type (CacheCondition)

   SqlInitializationAutoConfiguration matched:
      - @ConditionalOnProperty (spring.sql.init.enabled) matched (OnPropertyCondition)
      - NoneNestedConditions 0 matched 1 did not; NestedCondition on SqlInitializationAutoConfiguration.SqlInitializationModeCondition.ModeIsNever @ConditionalOnProperty (spring.sql.init.mode=never) did not find property 'mode' (SqlInitializationAutoConfiguration.SqlInitializationModeCondition)

   SslAutoConfiguration#sslBundleRegistry matched:
      - @ConditionalOnMissingBean (types: org.springframework.boot.ssl.SslBundleRegistry,org.springframework.boot.ssl.SslBundles; SearchStrategy: all) did not find any beans (OnBeanCondition)

   TaskExecutionAutoConfiguration matched:
      - @ConditionalOnClass found required class 'org.springframework.scheduling.concurrent.ThreadPoolTaskExecutor' (OnClassCondition)

   TaskExecutorConfigurations.SimpleAsyncTaskExecutorBuilderConfiguration#simpleAsyncTaskExecutorBuilder matched:
      - @ConditionalOnMissingBean (types: org.springframework.boot.task.SimpleAsyncTaskExecutorBuilder; SearchStrategy: all) did not find any beans (OnBeanCondition)
      - @ConditionalOnThreading found PLATFORM (OnThreadingCondition)

   TaskExecutorConfigurations.TaskExecutorConfiguration matched:
      - @ConditionalOnMissingBean (types: java.util.concurrent.Executor; SearchStrategy: all) did not find any beans (OnBeanCondition)

   TaskExecutorConfigurations.TaskExecutorConfiguration#applicationTaskExecutor matched:
      - @ConditionalOnThreading found PLATFORM (OnThreadingCondition)

   TaskExecutorConfigurations.ThreadPoolTaskExecutorBuilderConfiguration#threadPoolTaskExecutorBuilder matched:
      - @ConditionalOnMissingBean (types: org.springframework.boot.task.ThreadPoolTaskExecutorBuilder; SearchStrategy: all) did not find any beans (OnBeanCondition)

   TaskSchedulingAutoConfiguration matched:
      - @ConditionalOnClass found required class 'org.springframework.scheduling.concurrent.ThreadPoolTaskScheduler' (OnClassCondition)

   TaskSchedulingConfigurations.SimpleAsyncTaskSchedulerBuilderConfiguration#simpleAsyncTaskSchedulerBuilder matched:
      - @ConditionalOnMissingBean (types: org.springframework.boot.task.SimpleAsyncTaskSchedulerBuilder; SearchStrategy: all) did not find any beans (OnBeanCondition)
      - @ConditionalOnThreading found PLATFORM (OnThreadingCondition)

   TaskSchedulingConfigurations.ThreadPoolTaskSchedulerBuilderConfiguration#threadPoolTaskSchedulerBuilder matched:
      - @ConditionalOnMissingBean (types: org.springframework.boot.task.ThreadPoolTaskSchedulerBuilder; SearchStrategy: all) did not find any beans (OnBeanCondition)

   WebMvcAutoConfiguration matched:
      - @ConditionalOnClass found required classes 'jakarta.servlet.Servlet', 'org.springframework.web.servlet.DispatcherServlet', 'org.springframework.web.servlet.config.annotation.WebMvcConfigurer' (OnClassCondition)
      - found 'session' scope (OnWebApplicationCondition)
      - @ConditionalOnMissingBean (types: org.springframework.web.servlet.config.annotation.WebMvcConfigurationSupport; SearchStrategy: all) did not find any beans (OnBeanCondition)

   WebMvcAutoConfiguration#formContentFilter matched:
      - @ConditionalOnProperty (spring.mvc.formcontent.filter.enabled) matched (OnPropertyCondition)
      - @ConditionalOnMissingBean (types: org.springframework.web.filter.FormContentFilter; SearchStrategy: all) did not find any beans (OnBeanCondition)

   WebMvcAutoConfiguration.EnableWebMvcConfiguration#flashMapManager matched:
      - @ConditionalOnMissingBean (names: flashMapManager; SearchStrategy: all) did not find any beans (OnBeanCondition)

   WebMvcAutoConfiguration.EnableWebMvcConfiguration#localeResolver matched:
      - @ConditionalOnMissingBean (names: localeResolver; SearchStrategy: all) did not find any beans (OnBeanCondition)

   WebMvcAutoConfiguration.EnableWebMvcConfiguration#themeResolver matched:
      - @ConditionalOnMissingBean (names: themeResolver; SearchStrategy: all) did not find any beans (OnBeanCondition)

   WebMvcAutoConfiguration.EnableWebMvcConfiguration#viewNameTranslator matched:
      - @ConditionalOnMissingBean (names: viewNameTranslator; SearchStrategy: all) did not find any beans (OnBeanCondition)

   WebMvcAutoConfiguration.WebMvcAutoConfigurationAdapter#defaultViewResolver matched:
      - @ConditionalOnMissingBean (types: org.springframework.web.servlet.view.InternalResourceViewResolver; SearchStrategy: all) did not find any beans (OnBeanCondition)

   WebMvcAutoConfiguration.WebMvcAutoConfigurationAdapter#requestContextFilter matched:
      - @ConditionalOnMissingBean (types: org.springframework.web.context.request.RequestContextListener,org.springframework.web.filter.RequestContextFilter; SearchStrategy: all) did not find any beans (OnBeanCondition)

   WebMvcAutoConfiguration.WebMvcAutoConfigurationAdapter#viewResolver matched:
      - @ConditionalOnBean (types: org.springframework.web.servlet.ViewResolver; SearchStrategy: all) found beans 'defaultViewResolver', 'beanNameViewResolver', 'mvcViewResolver'; @ConditionalOnMissingBean (names: viewResolver types: org.springframework.web.servlet.view.ContentNegotiatingViewResolver; SearchStrategy: all) did not find any beans (OnBeanCondition)

   WebSocketServletAutoConfiguration matched:
      - @ConditionalOnClass found required classes 'jakarta.servlet.Servlet', 'jakarta.websocket.server.ServerContainer' (OnClassCondition)
      - found 'session' scope (OnWebApplicationCondition)

   WebSocketServletAutoConfiguration.TomcatWebSocketConfiguration matched:
      - @ConditionalOnClass found required classes 'org.apache.catalina.startup.Tomcat', 'org.apache.tomcat.websocket.server.WsSci' (OnClassCondition)

   WebSocketServletAutoConfiguration.TomcatWebSocketConfiguration#websocketServletWebServerCustomizer matched:
      - @ConditionalOnMissingBean (names: websocketServletWebServerCustomizer; SearchStrategy: all) did not find any beans (OnBeanCondition)


Negative matches:
-----------------

   ActiveMQAutoConfiguration:
      Did not match:
         - @ConditionalOnClass did not find required class 'jakarta.jms.ConnectionFactory' (OnClassCondition)

   AopAutoConfiguration.AspectJAutoProxyingConfiguration:
      Did not match:
         - @ConditionalOnClass did not find required class 'org.aspectj.weaver.Advice' (OnClassCondition)

   ArtemisAutoConfiguration:
      Did not match:
         - @ConditionalOnClass did not find required class 'jakarta.jms.ConnectionFactory' (OnClassCondition)

   BatchAutoConfiguration:
      Did not match:
         - @ConditionalOnClass did not find required class 'org.springframework.batch.core.launch.JobLauncher' (OnClassCondition)

   Cache2kCacheConfiguration:
      Did not match:
         - @ConditionalOnClass did not find required class 'org.cache2k.Cache2kBuilder' (OnClassCondition)

   CacheAutoConfiguration:
      Did not match:
         - @ConditionalOnBean (types: org.springframework.cache.interceptor.CacheAspectSupport; SearchStrategy: all) did not find any beans of type org.springframework.cache.interceptor.CacheAspectSupport (OnBeanCondition)
      Matched:
         - @ConditionalOnClass found required class 'org.springframework.cache.CacheManager' (OnClassCondition)

   CacheAutoConfiguration.CacheManagerEntityManagerFactoryDependsOnPostProcessor:
      Did not match:
         - @ConditionalOnClass did not find required class 'org.springframework.orm.jpa.LocalContainerEntityManagerFactoryBean' (OnClassCondition)
         - Ancestor org.springframework.boot.autoconfigure.cache.CacheAutoConfiguration did not match (ConditionEvaluationReport.AncestorsMatchedCondition)

   CaffeineCacheConfiguration:
      Did not match:
         - @ConditionalOnClass did not find required class 'com.github.benmanes.caffeine.cache.Caffeine' (OnClassCondition)

   CassandraAutoConfiguration:
      Did not match:
         - @ConditionalOnClass did not find required class 'com.datastax.oss.driver.api.core.CqlSession' (OnClassCondition)

   CassandraDataAutoConfiguration:
      Did not match:
         - @ConditionalOnClass did not find required class 'com.datastax.oss.driver.api.core.CqlSession' (OnClassCondition)

   CassandraReactiveDataAutoConfiguration:
      Did not match:
         - @ConditionalOnClass did not find required class 'com.datastax.oss.driver.api.core.CqlSession' (OnClassCondition)

   CassandraReactiveRepositoriesAutoConfiguration:
      Did not match:
         - @ConditionalOnClass did not find required class 'org.springframework.data.cassandra.ReactiveSession' (OnClassCondition)

   CassandraRepositoriesAutoConfiguration:
      Did not match:
         - @ConditionalOnClass did not find required class 'com.datastax.oss.driver.api.core.CqlSession' (OnClassCondition)

   ClientHttpConnectorAutoConfiguration:
      Did not match:
         - @ConditionalOnClass did not find required class 'org.springframework.web.reactive.function.client.WebClient' (OnClassCondition)

   CodecsAutoConfiguration:
      Did not match:
         - @ConditionalOnClass did not find required class 'org.springframework.web.reactive.function.client.WebClient' (OnClassCondition)

   CouchbaseAutoConfiguration:
      Did not match:
         - @ConditionalOnClass did not find required class 'com.couchbase.client.java.Cluster' (OnClassCondition)

   CouchbaseCacheConfiguration:
      Did not match:
         - @ConditionalOnClass did not find required class 'com.couchbase.client.java.Cluster' (OnClassCondition)

   CouchbaseDataAutoConfiguration:
      Did not match:
         - @ConditionalOnClass did not find required class 'com.couchbase.client.java.Bucket' (OnClassCondition)

   CouchbaseReactiveDataAutoConfiguration:
      Did not match:
         - @ConditionalOnClass did not find required class 'com.couchbase.client.java.Cluster' (OnClassCondition)

   CouchbaseReactiveRepositoriesAutoConfiguration:
      Did not match:
         - @ConditionalOnClass did not find required class 'com.couchbase.client.java.Cluster' (OnClassCondition)

   CouchbaseRepositoriesAutoConfiguration:
      Did not match:
         - @ConditionalOnClass did not find required class 'com.couchbase.client.java.Bucket' (OnClassCondition)

   DataSourceAutoConfiguration:
      Did not match:
         - @ConditionalOnClass did not find required class 'org.springframework.jdbc.datasource.embedded.EmbeddedDatabaseType' (OnClassCondition)

   DataSourceInitializationConfiguration:
      Did not match:
         - @ConditionalOnClass did not find required class 'org.springframework.jdbc.datasource.init.DatabasePopulator' (OnClassCondition)

   DataSourceTransactionManagerAutoConfiguration:
      Did not match:
         - @ConditionalOnClass did not find required class 'org.springframework.jdbc.core.JdbcTemplate' (OnClassCondition)

   DispatcherServletAutoConfiguration.DispatcherServletConfiguration#multipartResolver:
      Did not match:
         - @ConditionalOnBean (types: org.springframework.web.multipart.MultipartResolver; SearchStrategy: all) did not find any beans of type org.springframework.web.multipart.MultipartResolver (OnBeanCondition)

   ElasticsearchClientAutoConfiguration:
      Did not match:
         - @ConditionalOnClass did not find required class 'co.elastic.clients.elasticsearch.ElasticsearchClient' (OnClassCondition)

   ElasticsearchDataAutoConfiguration:
      Did not match:
         - @ConditionalOnClass did not find required class 'org.springframework.data.elasticsearch.client.elc.ElasticsearchTemplate' (OnClassCondition)

   ElasticsearchRepositoriesAutoConfiguration:
      Did not match:
         - @ConditionalOnClass did not find required class 'org.springframework.data.elasticsearch.repository.ElasticsearchRepository' (OnClassCondition)

   ElasticsearchRestClientAutoConfiguration:
      Did not match:
         - @ConditionalOnClass did not find required class 'org.elasticsearch.client.RestClientBuilder' (OnClassCondition)

   EmbeddedLdapAutoConfiguration:
      Did not match:
         - @ConditionalOnClass did not find required class 'com.unboundid.ldap.listener.InMemoryDirectoryServer' (OnClassCondition)

   EmbeddedWebServerFactoryCustomizerAutoConfiguration.JettyWebServerFactoryCustomizerConfiguration:
      Did not match:
         - @ConditionalOnClass did not find required classes 'org.eclipse.jetty.server.Server', 'org.eclipse.jetty.util.Loader', 'org.eclipse.jetty.ee10.webapp.WebAppContext' (OnClassCondition)

   EmbeddedWebServerFactoryCustomizerAutoConfiguration.NettyWebServerFactoryCustomizerConfiguration:
      Did not match:
         - @ConditionalOnClass did not find required class 'reactor.netty.http.server.HttpServer' (OnClassCondition)

   EmbeddedWebServerFactoryCustomizerAutoConfiguration.TomcatWebServerFactoryCustomizerConfiguration#tomcatVirtualThreadsProtocolHandlerCustomizer:
      Did not match:
         - @ConditionalOnThreading did not find VIRTUAL (OnThreadingCondition)

   EmbeddedWebServerFactoryCustomizerAutoConfiguration.UndertowWebServerFactoryCustomizerConfiguration:
      Did not match:
         - @ConditionalOnClass did not find required classes 'io.undertow.Undertow', 'org.xnio.SslClientAuthMode' (OnClassCondition)

   ErrorWebFluxAutoConfiguration:
      Did not match:
         - @ConditionalOnClass did not find required class 'org.springframework.web.reactive.config.WebFluxConfigurer' (OnClassCondition)

   FlywayAutoConfiguration:
      Did not match:
         - @ConditionalOnClass did not find required class 'org.flywaydb.core.Flyway' (OnClassCondition)

   FreeMarkerAutoConfiguration:
      Did not match:
         - @ConditionalOnClass did not find required class 'freemarker.template.Configuration' (OnClassCondition)

   GraphQlAutoConfiguration:
      Did not match:
         - @ConditionalOnClass did not find required class 'graphql.GraphQL' (OnClassCondition)

   GraphQlQueryByExampleAutoConfiguration:
      Did not match:
         - @ConditionalOnClass did not find required class 'graphql.GraphQL' (OnClassCondition)

   GraphQlQuerydslAutoConfiguration:
      Did not match:
         - @ConditionalOnClass did not find required class 'com.querydsl.core.Query' (OnClassCondition)

   GraphQlRSocketAutoConfiguration:
      Did not match:
         - @ConditionalOnClass did not find required class 'graphql.GraphQL' (OnClassCondition)

   GraphQlReactiveQueryByExampleAutoConfiguration:
      Did not match:
         - @ConditionalOnClass did not find required class 'graphql.GraphQL' (OnClassCondition)

   GraphQlReactiveQuerydslAutoConfiguration:
      Did not match:
         - @ConditionalOnClass did not find required class 'com.querydsl.core.Query' (OnClassCondition)

   GraphQlWebFluxAutoConfiguration:
      Did not match:
         - @ConditionalOnClass did not find required class 'graphql.GraphQL' (OnClassCondition)

   GraphQlWebFluxSecurityAutoConfiguration:
      Did not match:
         - @ConditionalOnClass did not find required class 'graphql.GraphQL' (OnClassCondition)

   GraphQlWebMvcAutoConfiguration:
      Did not match:
         - @ConditionalOnClass did not find required class 'graphql.GraphQL' (OnClassCondition)

   GraphQlWebMvcSecurityAutoConfiguration:
      Did not match:
         - @ConditionalOnClass did not find required class 'graphql.GraphQL' (OnClassCondition)

   GroovyTemplateAutoConfiguration:
      Did not match:
         - @ConditionalOnClass did not find required class 'groovy.text.markup.MarkupTemplateEngine' (OnClassCondition)

   GsonAutoConfiguration:
      Did not match:
         - @ConditionalOnClass did not find required class 'com.google.gson.Gson' (OnClassCondition)

   GsonHttpMessageConvertersConfiguration:
      Did not match:
         - @ConditionalOnClass did not find required class 'com.google.gson.Gson' (OnClassCondition)

   H2ConsoleAutoConfiguration:
      Did not match:
         - @ConditionalOnClass did not find required class 'org.h2.server.web.JakartaWebServlet' (OnClassCondition)

   HazelcastAutoConfiguration:
      Did not match:
         - @ConditionalOnClass did not find required class 'com.hazelcast.core.HazelcastInstance' (OnClassCondition)

   HazelcastCacheConfiguration:
      Did not match:
         - @ConditionalOnClass did not find required class 'com.hazelcast.core.HazelcastInstance' (OnClassCondition)

   HazelcastJpaDependencyAutoConfiguration:
      Did not match:
         - @ConditionalOnClass did not find required class 'com.hazelcast.core.HazelcastInstance' (OnClassCondition)

   HibernateJpaAutoConfiguration:
      Did not match:
         - @ConditionalOnClass did not find required class 'jakarta.persistence.EntityManager' (OnClassCondition)

   HttpHandlerAutoConfiguration:
      Did not match:
         - @ConditionalOnClass did not find required class 'org.springframework.web.reactive.DispatcherHandler' (OnClassCondition)

   HypermediaAutoConfiguration:
      Did not match:
         - @ConditionalOnClass did not find required class 'org.springframework.hateoas.EntityModel' (OnClassCondition)

   InfinispanCacheConfiguration:
      Did not match:
         - @ConditionalOnClass did not find required class 'org.infinispan.spring.embedded.provider.SpringEmbeddedCacheManager' (OnClassCondition)

   IntegrationAutoConfiguration:
      Did not match:
         - @ConditionalOnClass did not find required class 'org.springframework.integration.config.EnableIntegration' (OnClassCondition)

   JCacheCacheConfiguration:
      Did not match:
         - @ConditionalOnClass did not find required class 'javax.cache.Caching' (OnClassCondition)

   JacksonHttpMessageConvertersConfiguration.MappingJackson2XmlHttpMessageConverterConfiguration:
      Did not match:
         - @ConditionalOnClass did not find required class 'com.fasterxml.jackson.dataformat.xml.XmlMapper' (OnClassCondition)

   JdbcClientAutoConfiguration:
      Did not match:
         - @ConditionalOnSingleCandidate did not find required type 'org.springframework.jdbc.core.namedparam.NamedParameterJdbcTemplate' (OnBeanCondition)

   JdbcRepositoriesAutoConfiguration:
      Did not match:
         - @ConditionalOnClass did not find required class 'org.springframework.data.jdbc.repository.config.AbstractJdbcConfiguration' (OnClassCondition)

   JdbcTemplateAutoConfiguration:
      Did not match:
         - @ConditionalOnClass did not find required class 'org.springframework.jdbc.core.JdbcTemplate' (OnClassCondition)

   JerseyAutoConfiguration:
      Did not match:
         - @ConditionalOnClass did not find required class 'org.glassfish.jersey.server.spring.SpringComponentProvider' (OnClassCondition)

   JmsAutoConfiguration:
      Did not match:
         - @ConditionalOnClass did not find required class 'jakarta.jms.Message' (OnClassCondition)

   JmxAutoConfiguration:
      Did not match:
         - @ConditionalOnProperty (spring.jmx.enabled=true) did not find property 'enabled' (OnPropertyCondition)
      Matched:
         - @ConditionalOnClass found required class 'org.springframework.jmx.export.MBeanExporter' (OnClassCondition)

   JndiConnectionFactoryAutoConfiguration:
      Did not match:
         - @ConditionalOnClass did not find required class 'org.springframework.jms.core.JmsTemplate' (OnClassCondition)

   JndiDataSourceAutoConfiguration:
      Did not match:
         - @ConditionalOnClass did not find required class 'org.springframework.jdbc.datasource.embedded.EmbeddedDatabaseType' (OnClassCondition)

   JooqAutoConfiguration:
      Did not match:
         - @ConditionalOnClass did not find required class 'org.jooq.DSLContext' (OnClassCondition)

   JpaRepositoriesAutoConfiguration:
      Did not match:
         - @ConditionalOnClass did not find required class 'org.springframework.data.jpa.repository.JpaRepository' (OnClassCondition)

   JsonbAutoConfiguration:
      Did not match:
         - @ConditionalOnClass did not find required class 'jakarta.json.bind.Jsonb' (OnClassCondition)

   JsonbHttpMessageConvertersConfiguration:
      Did not match:
         - @ConditionalOnClass did not find required class 'jakarta.json.bind.Jsonb' (OnClassCondition)

   JtaAutoConfiguration:
      Did not match:
         - @ConditionalOnClass did not find required class 'jakarta.transaction.Transaction' (OnClassCondition)

   KafkaAutoConfiguration:
      Did not match:
         - @ConditionalOnClass did not find required class 'org.springframework.kafka.core.KafkaTemplate' (OnClassCondition)

   LdapAutoConfiguration:
      Did not match:
         - @ConditionalOnClass did not find required class 'org.springframework.ldap.core.ContextSource' (OnClassCondition)

   LdapRepositoriesAutoConfiguration:
      Did not match:
         - @ConditionalOnClass did not find required class 'org.springframework.data.ldap.repository.LdapRepository' (OnClassCondition)

   LiquibaseAutoConfiguration:
      Did not match:
         - @ConditionalOnClass did not find required class 'liquibase.change.DatabaseChange' (OnClassCondition)

   MailSenderJndiConfiguration:
      Did not match:
         - @ConditionalOnProperty (spring.mail.jndi-name) did not find property 'jndi-name' (OnPropertyCondition)
      Matched:
         - @ConditionalOnClass found required class 'jakarta.mail.Session' (OnClassCondition)

   MailSenderValidatorAutoConfiguration:
      Did not match:
         - @ConditionalOnProperty (spring.mail.test-connection) did not find property 'test-connection' (OnPropertyCondition)

   MessageSourceAutoConfiguration:
      Did not match:
         - ResourceBundle did not find bundle with basename messages (MessageSourceAutoConfiguration.ResourceBundleCondition)

   MongoAutoConfiguration:
      Did not match:
         - @ConditionalOnClass did not find required class 'com.mongodb.client.MongoClient' (OnClassCondition)

   MongoDataAutoConfiguration:
      Did not match:
         - @ConditionalOnClass did not find required class 'com.mongodb.client.MongoClient' (OnClassCondition)

   MongoReactiveAutoConfiguration:
      Did not match:
         - @ConditionalOnClass did not find required class 'com.mongodb.reactivestreams.client.MongoClient' (OnClassCondition)

   MongoReactiveDataAutoConfiguration:
      Did not match:
         - @ConditionalOnClass did not find required class 'com.mongodb.reactivestreams.client.MongoClient' (OnClassCondition)

   MongoReactiveRepositoriesAutoConfiguration:
      Did not match:
         - @ConditionalOnClass did not find required class 'com.mongodb.reactivestreams.client.MongoClient' (OnClassCondition)

   MongoRepositoriesAutoConfiguration:
      Did not match:
         - @ConditionalOnClass did not find required class 'com.mongodb.client.MongoClient' (OnClassCondition)

   MustacheAutoConfiguration:
      Did not match:
         - @ConditionalOnClass did not find required class 'com.samskivert.mustache.Mustache' (OnClassCondition)

   Neo4jAutoConfiguration:
      Did not match:
         - @ConditionalOnClass did not find required class 'org.neo4j.driver.Driver' (OnClassCondition)

   Neo4jDataAutoConfiguration:
      Did not match:
         - @ConditionalOnClass did not find required class 'org.neo4j.driver.Driver' (OnClassCondition)

   Neo4jReactiveDataAutoConfiguration:
      Did not match:
         - @ConditionalOnClass did not find required class 'org.neo4j.driver.Driver' (OnClassCondition)

   Neo4jReactiveRepositoriesAutoConfiguration:
      Did not match:
         - @ConditionalOnClass did not find required class 'org.neo4j.driver.Driver' (OnClassCondition)

   Neo4jRepositoriesAutoConfiguration:
      Did not match:
         - @ConditionalOnClass did not find required class 'org.neo4j.driver.Driver' (OnClassCondition)

   NettyAutoConfiguration:
      Did not match:
         - @ConditionalOnClass did not find required class 'io.netty.util.NettyRuntime' (OnClassCondition)

   OAuth2AuthorizationServerAutoConfiguration:
      Did not match:
         - @ConditionalOnClass did not find required class 'org.springframework.security.oauth2.server.authorization.OAuth2Authorization' (OnClassCondition)

   OAuth2AuthorizationServerJwtAutoConfiguration:
      Did not match:
         - @ConditionalOnClass did not find required class 'org.springframework.security.oauth2.server.authorization.OAuth2Authorization' (OnClassCondition)

   OAuth2ClientAutoConfiguration:
      Did not match:
         - @ConditionalOnClass did not find required class 'org.springframework.security.config.annotation.web.configuration.EnableWebSecurity' (OnClassCondition)

   OAuth2ResourceServerAutoConfiguration:
      Did not match:
         - @ConditionalOnClass did not find required class 'org.springframework.security.oauth2.server.resource.authentication.BearerTokenAuthenticationToken' (OnClassCondition)

   PersistenceExceptionTranslationAutoConfiguration:
      Did not match:
         - @ConditionalOnClass did not find required class 'org.springframework.dao.annotation.PersistenceExceptionTranslationPostProcessor' (OnClassCondition)

   ProjectInfoAutoConfiguration#buildProperties:
      Did not match:
         - @ConditionalOnResource did not find resource '${spring.info.build.location:classpath:META-INF/build-info.properties}' (OnResourceCondition)

   ProjectInfoAutoConfiguration#gitProperties:
      Did not match:
         - GitResource did not find git info at classpath:git.properties (ProjectInfoAutoConfiguration.GitResourceAvailableCondition)

   PulsarAutoConfiguration:
      Did not match:
         - @ConditionalOnClass did not find required class 'org.apache.pulsar.client.api.PulsarClient' (OnClassCondition)

   PulsarReactiveAutoConfiguration:
      Did not match:
         - @ConditionalOnClass did not find required class 'org.apache.pulsar.client.api.PulsarClient' (OnClassCondition)

   QuartzAutoConfiguration:
      Did not match:
         - @ConditionalOnClass did not find required class 'org.quartz.Scheduler' (OnClassCondition)

   R2dbcAutoConfiguration:
      Did not match:
         - @ConditionalOnClass did not find required class 'io.r2dbc.spi.ConnectionFactory' (OnClassCondition)

   R2dbcDataAutoConfiguration:
      Did not match:
         - @ConditionalOnClass did not find required class 'org.springframework.data.r2dbc.core.R2dbcEntityTemplate' (OnClassCondition)

   R2dbcInitializationConfiguration:
      Did not match:
         - @ConditionalOnClass did not find required classes 'io.r2dbc.spi.ConnectionFactory', 'org.springframework.r2dbc.connection.init.DatabasePopulator' (OnClassCondition)

   R2dbcProxyAutoConfiguration:
      Did not match:
         - @ConditionalOnClass did not find required class 'io.r2dbc.proxy.ProxyConnectionFactory' (OnClassCondition)

   R2dbcRepositoriesAutoConfiguration:
      Did not match:
         - @ConditionalOnClass did not find required class 'io.r2dbc.spi.ConnectionFactory' (OnClassCondition)

   R2dbcTransactionManagerAutoConfiguration:
      Did not match:
         - @ConditionalOnClass did not find required class 'org.springframework.r2dbc.connection.R2dbcTransactionManager' (OnClassCondition)

   RSocketGraphQlClientAutoConfiguration:
      Did not match:
         - @ConditionalOnClass did not find required class 'graphql.GraphQL' (OnClassCondition)

   RSocketMessagingAutoConfiguration:
      Did not match:
         - @ConditionalOnClass did not find required class 'io.rsocket.RSocket' (OnClassCondition)

   RSocketRequesterAutoConfiguration:
      Did not match:
         - @ConditionalOnClass did not find required class 'io.rsocket.RSocket' (OnClassCondition)

   RSocketSecurityAutoConfiguration:
      Did not match:
         - @ConditionalOnClass did not find required class 'org.springframework.security.rsocket.core.SecuritySocketAcceptorInterceptor' (OnClassCondition)

   RSocketServerAutoConfiguration:
      Did not match:
         - @ConditionalOnClass did not find required class 'io.rsocket.core.RSocketServer' (OnClassCondition)

   RSocketStrategiesAutoConfiguration:
      Did not match:
         - @ConditionalOnClass did not find required class 'io.netty.buffer.PooledByteBufAllocator' (OnClassCondition)

   RabbitAutoConfiguration:
      Did not match:
         - @ConditionalOnClass did not find required class 'com.rabbitmq.client.Channel' (OnClassCondition)

   ReactiveElasticsearchClientAutoConfiguration:
      Did not match:
         - @ConditionalOnClass did not find required class 'co.elastic.clients.transport.ElasticsearchTransport' (OnClassCondition)

   ReactiveElasticsearchRepositoriesAutoConfiguration:
      Did not match:
         - @ConditionalOnClass did not find required class 'reactor.core.publisher.Mono' (OnClassCondition)

   ReactiveMultipartAutoConfiguration:
      Did not match:
         - @ConditionalOnClass did not find required class 'org.springframework.web.reactive.config.WebFluxConfigurer' (OnClassCondition)

   ReactiveOAuth2ClientAutoConfiguration:
      Did not match:
         - @ConditionalOnClass did not find required class 'reactor.core.publisher.Flux' (OnClassCondition)

   ReactiveOAuth2ResourceServerAutoConfiguration:
      Did not match:
         - @ConditionalOnClass did not find required class 'org.springframework.security.config.annotation.web.reactive.EnableWebFluxSecurity' (OnClassCondition)

   ReactiveSecurityAutoConfiguration:
      Did not match:
         - @ConditionalOnClass did not find required class 'reactor.core.publisher.Flux' (OnClassCondition)

   ReactiveUserDetailsServiceAutoConfiguration:
      Did not match:
         - @ConditionalOnClass did not find required class 'org.springframework.security.authentication.ReactiveAuthenticationManager' (OnClassCondition)

   ReactiveWebServerFactoryAutoConfiguration:
      Did not match:
         - @ConditionalOnWebApplication did not find reactive web application classes (OnWebApplicationCondition)

   ReactorAutoConfiguration:
      Did not match:
         - @ConditionalOnClass did not find required class 'reactor.core.publisher.Hooks' (OnClassCondition)

   RedisAutoConfiguration:
      Did not match:
         - @ConditionalOnClass did not find required class 'org.springframework.data.redis.core.RedisOperations' (OnClassCondition)

   RedisCacheConfiguration:
      Did not match:
         - @ConditionalOnClass did not find required class 'org.springframework.data.redis.connection.RedisConnectionFactory' (OnClassCondition)

   RedisReactiveAutoConfiguration:
      Did not match:
         - @ConditionalOnClass did not find required class 'reactor.core.publisher.Flux' (OnClassCondition)

   RedisRepositoriesAutoConfiguration:
      Did not match:
         - @ConditionalOnClass did not find required class 'org.springframework.data.redis.repository.configuration.EnableRedisRepositories' (OnClassCondition)

   RepositoryRestMvcAutoConfiguration:
      Did not match:
         - @ConditionalOnClass did not find required class 'org.springframework.data.rest.webmvc.config.RepositoryRestMvcConfiguration' (OnClassCondition)

   Saml2RelyingPartyAutoConfiguration:
      Did not match:
         - @ConditionalOnClass did not find required class 'org.springframework.security.saml2.provider.service.registration.RelyingPartyRegistrationRepository' (OnClassCondition)

   SecurityAutoConfiguration:
      Did not match:
         - @ConditionalOnClass did not find required class 'org.springframework.security.authentication.DefaultAuthenticationEventPublisher' (OnClassCondition)

   SecurityFilterAutoConfiguration:
      Did not match:
         - @ConditionalOnClass did not find required class 'org.springframework.security.config.http.SessionCreationPolicy' (OnClassCondition)

   SendGridAutoConfiguration:
      Did not match:
         - @ConditionalOnClass did not find required class 'com.sendgrid.SendGrid' (OnClassCondition)

   ServletWebServerFactoryAutoConfiguration.ForwardedHeaderFilterConfiguration:
      Did not match:
         - @ConditionalOnProperty (server.forward-headers-strategy=framework) did not find property 'server.forward-headers-strategy' (OnPropertyCondition)

   ServletWebServerFactoryConfiguration.EmbeddedJetty:
      Did not match:
         - @ConditionalOnClass did not find required classes 'org.eclipse.jetty.server.Server', 'org.eclipse.jetty.util.Loader', 'org.eclipse.jetty.ee10.webapp.WebAppContext' (OnClassCondition)

   ServletWebServerFactoryConfiguration.EmbeddedUndertow:
      Did not match:
         - @ConditionalOnClass did not find required classes 'io.undertow.Undertow', 'org.xnio.SslClientAuthMode' (OnClassCondition)

   SessionAutoConfiguration:
      Did not match:
         - @ConditionalOnClass did not find required class 'org.springframework.session.Session' (OnClassCondition)

   SpringApplicationAdminJmxAutoConfiguration:
      Did not match:
         - @ConditionalOnProperty (spring.application.admin.enabled=true) did not find property 'enabled' (OnPropertyCondition)

   SpringDataWebAutoConfiguration:
      Did not match:
         - @ConditionalOnClass did not find required class 'org.springframework.data.web.PageableHandlerMethodArgumentResolver' (OnClassCondition)

   TaskExecutorConfigurations.SimpleAsyncTaskExecutorBuilderConfiguration#simpleAsyncTaskExecutorBuilderVirtualThreads:
      Did not match:
         - @ConditionalOnMissingBean (types: org.springframework.boot.task.SimpleAsyncTaskExecutorBuilder; SearchStrategy: all) found beans of type 'org.springframework.boot.task.SimpleAsyncTaskExecutorBuilder' simpleAsyncTaskExecutorBuilder (OnBeanCondition)

   TaskExecutorConfigurations.TaskExecutorConfiguration#applicationTaskExecutorVirtualThreads:
      Did not match:
         - @ConditionalOnThreading did not find VIRTUAL (OnThreadingCondition)

   TaskSchedulingAutoConfiguration#scheduledBeanLazyInitializationExcludeFilter:
      Did not match:
         - @ConditionalOnBean (names: org.springframework.context.annotation.internalScheduledAnnotationProcessor; SearchStrategy: all) did not find any beans named org.springframework.context.annotation.internalScheduledAnnotationProcessor (OnBeanCondition)

   TaskSchedulingConfigurations.SimpleAsyncTaskSchedulerBuilderConfiguration#simpleAsyncTaskSchedulerBuilderVirtualThreads:
      Did not match:
         - @ConditionalOnMissingBean (types: org.springframework.boot.task.SimpleAsyncTaskSchedulerBuilder; SearchStrategy: all) found beans of type 'org.springframework.boot.task.SimpleAsyncTaskSchedulerBuilder' simpleAsyncTaskSchedulerBuilder (OnBeanCondition)

   TaskSchedulingConfigurations.TaskSchedulerConfiguration:
      Did not match:
         - @ConditionalOnBean (names: org.springframework.context.annotation.internalScheduledAnnotationProcessor; SearchStrategy: all) did not find any beans named org.springframework.context.annotation.internalScheduledAnnotationProcessor (OnBeanCondition)

   ThymeleafAutoConfiguration:
      Did not match:
         - @ConditionalOnClass did not find required class 'org.thymeleaf.spring6.SpringTemplateEngine' (OnClassCondition)

   TransactionAutoConfiguration:
      Did not match:
         - @ConditionalOnClass did not find required class 'org.springframework.transaction.PlatformTransactionManager' (OnClassCondition)

   TransactionManagerCustomizationAutoConfiguration:
      Did not match:
         - @ConditionalOnClass did not find required class 'org.springframework.transaction.PlatformTransactionManager' (OnClassCondition)

   UserDetailsServiceAutoConfiguration:
      Did not match:
         - @ConditionalOnClass did not find required class 'org.springframework.security.authentication.AuthenticationManager' (OnClassCondition)

   ValidationAutoConfiguration:
      Did not match:
         - @ConditionalOnClass did not find required class 'jakarta.validation.executable.ExecutableValidator' (OnClassCondition)

   WebClientAutoConfiguration:
      Did not match:
         - @ConditionalOnClass did not find required class 'org.springframework.web.reactive.function.client.WebClient' (OnClassCondition)

   WebFluxAutoConfiguration:
      Did not match:
         - @ConditionalOnClass did not find required class 'org.springframework.web.reactive.config.WebFluxConfigurer' (OnClassCondition)

   WebMvcAutoConfiguration#hiddenHttpMethodFilter:
      Did not match:
         - @ConditionalOnProperty (spring.mvc.hiddenmethod.filter.enabled) did not find property 'enabled' (OnPropertyCondition)

   WebMvcAutoConfiguration.ProblemDetailsErrorHandlingConfiguration:
      Did not match:
         - @ConditionalOnProperty (spring.mvc.problemdetails.enabled=true) did not find property 'enabled' (OnPropertyCondition)

   WebMvcAutoConfiguration.ResourceChainCustomizerConfiguration:
      Did not match:
         - @ConditionalOnEnabledResourceChain did not find class org.webjars.WebJarVersionLocator (OnEnabledResourceChainCondition)

   WebMvcAutoConfiguration.WebMvcAutoConfigurationAdapter#beanNameViewResolver:
      Did not match:
         - @ConditionalOnMissingBean (types: org.springframework.web.servlet.view.BeanNameViewResolver; SearchStrategy: all) found beans of type 'org.springframework.web.servlet.view.BeanNameViewResolver' beanNameViewResolver (OnBeanCondition)

   WebServiceTemplateAutoConfiguration:
      Did not match:
         - @ConditionalOnClass did not find required class 'org.springframework.oxm.Marshaller' (OnClassCondition)

   WebServicesAutoConfiguration:
      Did not match:
         - @ConditionalOnClass did not find required class 'org.springframework.ws.transport.http.MessageDispatcherServlet' (OnClassCondition)

   WebSessionIdResolverAutoConfiguration:
      Did not match:
         - @ConditionalOnClass did not find required class 'reactor.core.publisher.Mono' (OnClassCondition)

   WebSocketMessagingAutoConfiguration:
      Did not match:
         - @ConditionalOnClass did not find required class 'org.springframework.web.socket.config.annotation.WebSocketMessageBrokerConfigurer' (OnClassCondition)

   WebSocketReactiveAutoConfiguration:
      Did not match:
         - @ConditionalOnWebApplication did not find reactive web application classes (OnWebApplicationCondition)

   WebSocketServletAutoConfiguration.JettyWebSocketConfiguration:
      Did not match:
         - @ConditionalOnClass did not find required class 'org.eclipse.jetty.ee10.websocket.jakarta.server.config.JakartaWebSocketServletContainerInitializer' (OnClassCondition)

   WebSocketServletAutoConfiguration.UndertowWebSocketConfiguration:
      Did not match:
         - @ConditionalOnClass did not find required class 'io.undertow.websockets.jsr.Bootstrap' (OnClassCondition)

   XADataSourceAutoConfiguration:
      Did not match:
         - @ConditionalOnClass did not find required class 'jakarta.transaction.TransactionManager' (OnClassCondition)


Exclusions:
-----------

    None


Unconditional classes:
----------------------

    org.springframework.boot.autoconfigure.context.ConfigurationPropertiesAutoConfiguration

    org.springframework.boot.autoconfigure.ssl.SslAutoConfiguration

    org.springframework.boot.autoconfigure.context.LifecycleAutoConfiguration

    org.springframework.boot.autoconfigure.context.PropertyPlaceholderAutoConfiguration

    org.springframework.boot.autoconfigure.availability.ApplicationAvailabilityAutoConfiguration

    org.springframework.boot.autoconfigure.info.ProjectInfoAutoConfiguration



[2025-22:50:45.078][INFO ][com.voltriver.demo.VoltriverDemoApplication.logStarted:line59] [thread: main] [time: 22:50:45] - Started VoltriverDemoApplication in 2.353 seconds (process running for 2.702)
[2025-22:50:45.079][DEBUG][org.springframework.boot.availability.ApplicationAvailabilityBean.onApplicationEvent:line77] [thread: main] [time: 22:50:45] - Application availability state LivenessState changed to CORRECT
[2025-22:50:45.092][INFO ][jakarta.mail.log:line235] [thread: main] [time: 22:50:45] - Jakarta Mail version 2.1.3
[2025-22:50:45.108][INFO ][jakarta.mail.log:line235] [thread: main] [time: 22:50:45] - URL jar:file:/C:/DEV/maven_repository/org/eclipse/angus/jakarta.mail/2.0.3/jakarta.mail-2.0.3.jar!/META-INF/javamail.providers
[2025-22:50:45.110][INFO ][jakarta.mail.log:line235] [thread: main] [time: 22:50:45] - successfully loaded resource: jar:file:/C:/DEV/maven_repository/org/eclipse/angus/jakarta.mail/2.0.3/jakarta.mail-2.0.3.jar!/META-INF/javamail.providers
[2025-22:50:45.111][INFO ][jakarta.mail.log:line235] [thread: main] [time: 22:50:45] - successfully loaded resource: /META-INF/javamail.default.providers
[2025-22:50:45.113][INFO ][jakarta.mail.log:line216] [thread: main] [time: 22:50:45] - Tables of loaded providers
[2025-22:50:45.113][INFO ][jakarta.mail.log:line216] [thread: main] [time: 22:50:45] - Providers Listed By Class Name: {com.sun.mail.smtp.SMTPTransport=jakarta.mail.Provider[TRANSPORT,smtp,com.sun.mail.smtp.SMTPTransport,Oracle], com.sun.mail.imap.IMAPSSLStore=jakarta.mail.Provider[STORE,imaps,com.sun.mail.imap.IMAPSSLStore,Oracle], com.sun.mail.pop3.POP3Store=jakarta.mail.Provider[STORE,pop3,com.sun.mail.pop3.POP3Store,Oracle], org.eclipse.angus.mail.imap.IMAPStore=jakarta.mail.Provider[STORE,imap,org.eclipse.angus.mail.imap.IMAPStore,Oracle], org.eclipse.angus.mail.smtp.SMTPTransport=jakarta.mail.Provider[TRANSPORT,smtp,org.eclipse.angus.mail.smtp.SMTPTransport,Oracle], com.sun.mail.smtp.SMTPSSLTransport=jakarta.mail.Provider[TRANSPORT,smtps,com.sun.mail.smtp.SMTPSSLTransport,Oracle], org.eclipse.angus.mail.pop3.POP3Store=jakarta.mail.Provider[STORE,pop3,org.eclipse.angus.mail.pop3.POP3Store,Oracle], org.eclipse.angus.mail.pop3.POP3SSLStore=jakarta.mail.Provider[STORE,pop3s,org.eclipse.angus.mail.pop3.POP3SSLStore,Oracle], com.sun.mail.imap.IMAPStore=jakarta.mail.Provider[STORE,imap,com.sun.mail.imap.IMAPStore,Oracle], com.sun.mail.pop3.POP3SSLStore=jakarta.mail.Provider[STORE,pop3s,com.sun.mail.pop3.POP3SSLStore,Oracle], org.eclipse.angus.mail.smtp.SMTPSSLTransport=jakarta.mail.Provider[TRANSPORT,smtps,org.eclipse.angus.mail.smtp.SMTPSSLTransport,Oracle], org.eclipse.angus.mail.imap.IMAPSSLStore=jakarta.mail.Provider[STORE,imaps,org.eclipse.angus.mail.imap.IMAPSSLStore,Oracle]}
[2025-22:50:45.113][INFO ][jakarta.mail.log:line216] [thread: main] [time: 22:50:45] - Providers Listed By Protocol: {imap=jakarta.mail.Provider[STORE,imap,com.sun.mail.imap.IMAPStore,Oracle], smtp=jakarta.mail.Provider[TRANSPORT,smtp,com.sun.mail.smtp.SMTPTransport,Oracle], pop3=jakarta.mail.Provider[STORE,pop3,com.sun.mail.pop3.POP3Store,Oracle], imaps=jakarta.mail.Provider[STORE,imaps,com.sun.mail.imap.IMAPSSLStore,Oracle], smtps=jakarta.mail.Provider[TRANSPORT,smtps,com.sun.mail.smtp.SMTPSSLTransport,Oracle], pop3s=jakarta.mail.Provider[STORE,pop3s,com.sun.mail.pop3.POP3SSLStore,Oracle]}
[2025-22:50:45.114][INFO ][jakarta.mail.log:line235] [thread: main] [time: 22:50:45] - successfully loaded resource: /META-INF/javamail.default.address.map
[2025-22:50:45.114][INFO ][jakarta.mail.log:line235] [thread: main] [time: 22:50:45] - URL jar:file:/C:/DEV/maven_repository/org/eclipse/angus/jakarta.mail/2.0.3/jakarta.mail-2.0.3.jar!/META-INF/javamail.address.map
[2025-22:50:45.114][INFO ][jakarta.mail.log:line235] [thread: main] [time: 22:50:45] - successfully loaded resource: jar:file:/C:/DEV/maven_repository/org/eclipse/angus/jakarta.mail/2.0.3/jakarta.mail-2.0.3.jar!/META-INF/javamail.address.map
[2025-22:50:45.127][DEBUG][jakarta.mail.log:line216] [thread: main] [time: 22:50:45] - getProvider() returning jakarta.mail.Provider[TRANSPORT,smtp,com.sun.mail.smtp.SMTPTransport,Oracle]
[2025-22:50:45.136][DEBUG][com.sun.mail.smtp.log:line216] [thread: main] [time: 22:50:45] - useEhlo true, useAuth true
[2025-22:50:45.136][DEBUG][com.sun.mail.smtp.log:line216] [thread: main] [time: 22:50:45] - trying to connect to host "smtp.naver.com", port 465, isSSL true
[2025-22:50:45.214][DEBUG][jdk.event.security.log:line274] [thread: main] [time: 22:50:45] - X509Certificate: Alg:SHA256withRSA, Serial:570a119742c4e3cc, Subject:CN=Actalis Authentication Root CA, O=Actalis S.p.A./03358520967, L=Milan, C=IT, Issuer:CN=Actalis Authentication Root CA, O=Actalis S.p.A./03358520967, L=Milan, C=IT, Key type:RSA, Length:4096, Cert Id:1729119956, Valid from:11. 9. 22. 오후 8:22, Valid until:30. 9. 22. 오후 8:22
[2025-22:50:45.216][DEBUG][jdk.event.security.log:line274] [thread: main] [time: 22:50:45] - X509Certificate: Alg:SHA1withRSA, Serial:1, Subject:CN=AddTrust External CA Root, OU=AddTrust External TTP Network, O=AddTrust AB, C=SE, Issuer:CN=AddTrust External CA Root, OU=AddTrust External TTP Network, O=AddTrust AB, C=SE, Key type:RSA, Length:2048, Cert Id:-326352672, Valid from:00. 5. 30. 오후 7:48, Valid until:20. 5. 30. 오후 7:48
[2025-22:50:45.218][DEBUG][jdk.event.security.log:line274] [thread: main] [time: 22:50:45] - X509Certificate: Alg:SHA1withRSA, Serial:1, Subject:CN=AddTrust Qualified CA Root, OU=AddTrust TTP Network, O=AddTrust AB, C=SE, Issuer:CN=AddTrust Qualified CA Root, OU=AddTrust TTP Network, O=AddTrust AB, C=SE, Key type:RSA, Length:2048, Cert Id:607365522, Valid from:00. 5. 30. 오후 7:44, Valid until:20. 5. 30. 오후 7:44
[2025-22:50:45.220][DEBUG][jdk.event.security.log:line274] [thread: main] [time: 22:50:45] - X509Certificate: Alg:SHA256withRSA, Serial:7777062726a9b17c, Subject:CN=AffirmTrust Commercial, O=AffirmTrust, C=US, Issuer:CN=AffirmTrust Commercial, O=AffirmTrust, C=US, Key type:RSA, Length:2048, Cert Id:630485644, Valid from:10. 1. 29. 오후 11:06, Valid until:30. 12. 31. 오후 11:06
[2025-22:50:45.221][DEBUG][jdk.event.security.log:line274] [thread: main] [time: 22:50:45] - X509Certificate: Alg:SHA1withRSA, Serial:7c4f04391cd4992d, Subject:CN=AffirmTrust Networking, O=AffirmTrust, C=US, Issuer:CN=AffirmTrust Networking, O=AffirmTrust, C=US, Key type:RSA, Length:2048, Cert Id:651670175, Valid from:10. 1. 29. 오후 11:08, Valid until:30. 12. 31. 오후 11:08
[2025-22:50:45.222][DEBUG][jdk.event.security.log:line274] [thread: main] [time: 22:50:45] - X509Certificate: Alg:SHA384withRSA, Serial:6d8c1446b1a60aee, Subject:CN=AffirmTrust Premium, O=AffirmTrust, C=US, Issuer:CN=AffirmTrust Premium, O=AffirmTrust, C=US, Key type:RSA, Length:4096, Cert Id:-2130283955, Valid from:10. 1. 29. 오후 11:10, Valid until:40. 12. 31. 오후 11:10
[2025-22:50:45.223][DEBUG][jdk.event.security.log:line274] [thread: main] [time: 22:50:45] - X509Certificate: Alg:SHA384withECDSA, Serial:7497258ac73f7a54, Subject:CN=AffirmTrust Premium ECC, O=AffirmTrust, C=US, Issuer:CN=AffirmTrust Premium ECC, O=AffirmTrust, C=US, Key type:EC, Length:384, Cert Id:-2080363786, Valid from:10. 1. 29. 오후 11:20, Valid until:40. 12. 31. 오후 11:20
[2025-22:50:45.224][DEBUG][jdk.event.security.log:line274] [thread: main] [time: 22:50:45] - X509Certificate: Alg:SHA256withRSA, Serial:66c9fcf99bf8c0a39e2f0788a43e696365bca, Subject:CN=Amazon Root CA 1, O=Amazon, C=US, Issuer:CN=Amazon Root CA 1, O=Amazon, C=US, Key type:RSA, Length:2048, Cert Id:-1472444962, Valid from:15. 5. 26. 오전 9:00, Valid until:38. 1. 17. 오전 9:00
[2025-22:50:45.224][DEBUG][jdk.event.security.log:line274] [thread: main] [time: 22:50:45] - X509Certificate: Alg:SHA384withRSA, Serial:66c9fd29635869f0a0fe58678f85b26bb8a37, Subject:CN=Amazon Root CA 2, O=Amazon, C=US, Issuer:CN=Amazon Root CA 2, O=Amazon, C=US, Key type:RSA, Length:4096, Cert Id:-1766132388, Valid from:15. 5. 26. 오전 9:00, Valid until:40. 5. 26. 오전 9:00
[2025-22:50:45.225][DEBUG][jdk.event.security.log:line274] [thread: main] [time: 22:50:45] - X509Certificate: Alg:SHA256withECDSA, Serial:66c9fd5749736663f3b0b9ad9e89e7603f24a, Subject:CN=Amazon Root CA 3, O=Amazon, C=US, Issuer:CN=Amazon Root CA 3, O=Amazon, C=US, Key type:EC, Length:256, Cert Id:-1562287523, Valid from:15. 5. 26. 오전 9:00, Valid until:40. 5. 26. 오전 9:00
[2025-22:50:45.226][DEBUG][jdk.event.security.log:line274] [thread: main] [time: 22:50:45] - X509Certificate: Alg:SHA384withECDSA, Serial:66c9fd7c1bb104c2943e5717b7b2cc81ac10e, Subject:CN=Amazon Root CA 4, O=Amazon, C=US, Issuer:CN=Amazon Root CA 4, O=Amazon, C=US, Key type:EC, Length:384, Cert Id:-1654272513, Valid from:15. 5. 26. 오전 9:00, Valid until:40. 5. 26. 오전 9:00
[2025-22:50:45.228][DEBUG][jdk.event.security.log:line274] [thread: main] [time: 22:50:45] - X509Certificate: Alg:SHA1withRSA, Serial:20000b9, Subject:CN=Baltimore CyberTrust Root, OU=CyberTrust, O=Baltimore, C=IE, Issuer:CN=Baltimore CyberTrust Root, OU=CyberTrust, O=Baltimore, C=IE, Key type:RSA, Length:2048, Cert Id:1425294543, Valid from:00. 5. 13. 오전 3:46, Valid until:25. 5. 13. 오전 8:59
[2025-22:50:45.228][DEBUG][jdk.event.security.log:line274] [thread: main] [time: 22:50:45] - X509Certificate: Alg:SHA256withRSA, Serial:2, Subject:CN=Buypass Class 2 Root CA, O=Buypass AS-983163327, C=NO, Issuer:CN=Buypass Class 2 Root CA, O=Buypass AS-983163327, C=NO, Key type:RSA, Length:4096, Cert Id:969960563, Valid from:10. 10. 26. 오후 5:38, Valid until:40. 10. 26. 오후 5:38
[2025-22:50:45.229][DEBUG][jdk.event.security.log:line274] [thread: main] [time: 22:50:45] - X509Certificate: Alg:SHA256withRSA, Serial:2, Subject:CN=Buypass Class 3 Root CA, O=Buypass AS-983163327, C=NO, Issuer:CN=Buypass Class 3 Root CA, O=Buypass AS-983163327, C=NO, Key type:RSA, Length:4096, Cert Id:1264269967, Valid from:10. 10. 26. 오후 5:28, Valid until:40. 10. 26. 오후 5:28
[2025-22:50:45.231][DEBUG][jdk.event.security.log:line274] [thread: main] [time: 22:50:45] - X509Certificate: Alg:SHA1withRSA, Serial:a3da427ea4b1aeda, Subject:CN=Chambers of Commerce Root - 2008, O=AC Camerfirma S.A., SERIALNUMBER=A82743287, L=Madrid (see current address at www.camerfirma.com/address), C=EU, Issuer:CN=Chambers of Commerce Root - 2008, O=AC Camerfirma S.A., SERIALNUMBER=A82743287, L=Madrid (see current address at www.camerfirma.com/address), C=EU, Key type:RSA, Length:4096, Cert Id:-28263924, Valid from:08. 8. 1. 오후 9:29, Valid until:38. 7. 31. 오후 9:29
[2025-22:50:45.234][DEBUG][jdk.event.security.log:line274] [thread: main] [time: 22:50:45] - X509Certificate: Alg:SHA1withRSA, Serial:0, Subject:CN=Chambers of Commerce Root, OU=http://www.chambersign.org, O=AC Camerfirma SA CIF A82743287, C=EU, Issuer:CN=Chambers of Commerce Root, OU=http://www.chambersign.org, O=AC Camerfirma SA CIF A82743287, C=EU, Key type:RSA, Length:2048, Cert Id:1827306452, Valid from:03. 10. 1. 오전 1:13, Valid until:37. 10. 1. 오전 1:13
[2025-22:50:45.235][DEBUG][jdk.event.security.log:line274] [thread: main] [time: 22:50:45] - X509Certificate: Alg:SHA1withRSA, Serial:c9cdd3e9d57d23ce, Subject:CN=Global Chambersign Root - 2008, O=AC Camerfirma S.A., SERIALNUMBER=A82743287, L=Madrid (see current address at www.camerfirma.com/address), C=EU, Issuer:CN=Global Chambersign Root - 2008, O=AC Camerfirma S.A., SERIALNUMBER=A82743287, L=Madrid (see current address at www.camerfirma.com/address), C=EU, Key type:RSA, Length:4096, Cert Id:1271252776, Valid from:08. 8. 1. 오후 9:31, Valid until:38. 7. 31. 오후 9:31
[2025-22:50:45.236][DEBUG][jdk.event.security.log:line274] [thread: main] [time: 22:50:45] - X509Certificate: Alg:SHA1withRSA, Serial:10020, Subject:CN=Certum CA, O=Unizeto Sp. z o.o., C=PL, Issuer:CN=Certum CA, O=Unizeto Sp. z o.o., C=PL, Key type:RSA, Length:2048, Cert Id:-744451266, Valid from:02. 6. 11. 오후 7:46, Valid until:27. 6. 11. 오후 7:46
[2025-22:50:45.238][DEBUG][jdk.event.security.log:line274] [thread: main] [time: 22:50:45] - X509Certificate: Alg:SHA1withRSA, Serial:444c0, Subject:CN=Certum Trusted Network CA, OU=Certum Certification Authority, O=Unizeto Technologies S.A., C=PL, Issuer:CN=Certum Trusted Network CA, OU=Certum Certification Authority, O=Unizeto Technologies S.A., C=PL, Key type:RSA, Length:2048, Cert Id:2014002193, Valid from:08. 10. 22. 오후 9:07, Valid until:29. 12. 31. 오후 9:07
[2025-22:50:45.239][DEBUG][jdk.event.security.log:line274] [thread: main] [time: 22:50:45] - X509Certificate: Alg:SHA1withRSA, Serial:15c8bd65475cafb897005ee406d2bc9d, Subject:OU=ePKI Root Certification Authority, O="Chunghwa Telecom Co., Ltd.", C=TW, Issuer:OU=ePKI Root Certification Authority, O="Chunghwa Telecom Co., Ltd.", C=TW, Key type:RSA, Length:4096, Cert Id:-662636137, Valid from:04. 12. 20. 오전 11:31, Valid until:34. 12. 20. 오전 11:31
[2025-22:50:45.241][DEBUG][jdk.event.security.log:line274] [thread: main] [time: 22:50:45] - X509Certificate: Alg:SHA1withRSA, Serial:1, Subject:CN=AAA Certificate Services, O=Comodo CA Limited, L=Salford, ST=Greater Manchester, C=GB, Issuer:CN=AAA Certificate Services, O=Comodo CA Limited, L=Salford, ST=Greater Manchester, C=GB, Key type:RSA, Length:2048, Cert Id:-1197580894, Valid from:04. 1. 1. 오전 9:00, Valid until:29. 1. 1. 오전 8:59
[2025-22:50:45.242][DEBUG][jdk.event.security.log:line274] [thread: main] [time: 22:50:45] - X509Certificate: Alg:SHA384withECDSA, Serial:1f47afaa62007050544c019e9b63992a, Subject:CN=COMODO ECC Certification Authority, O=COMODO CA Limited, L=Salford, ST=Greater Manchester, C=GB, Issuer:CN=COMODO ECC Certification Authority, O=COMODO CA Limited, L=Salford, ST=Greater Manchester, C=GB, Key type:EC, Length:384, Cert Id:1146488932, Valid from:08. 3. 6. 오전 9:00, Valid until:38. 1. 19. 오전 8:59
[2025-22:50:45.242][DEBUG][jdk.event.security.log:line274] [thread: main] [time: 22:50:45] - X509Certificate: Alg:SHA384withRSA, Serial:4caaf9cadb636fe01ff74ed85b03869d, Subject:CN=COMODO RSA Certification Authority, O=COMODO CA Limited, L=Salford, ST=Greater Manchester, C=GB, Issuer:CN=COMODO RSA Certification Authority, O=COMODO CA Limited, L=Salford, ST=Greater Manchester, C=GB, Key type:RSA, Length:4096, Cert Id:1769425049, Valid from:10. 1. 19. 오전 9:00, Valid until:38. 1. 19. 오전 8:59
[2025-22:50:45.243][DEBUG][jdk.event.security.log:line274] [thread: main] [time: 22:50:45] - X509Certificate: Alg:SHA256withRSA, Serial:b931c3ad63967ea6723bfc3af9af44b, Subject:CN=DigiCert Assured ID Root G2, OU=www.digicert.com, O=DigiCert Inc, C=US, Issuer:CN=DigiCert Assured ID Root G2, OU=www.digicert.com, O=DigiCert Inc, C=US, Key type:RSA, Length:2048, Cert Id:-385398383, Valid from:13. 8. 1. 오후 9:00, Valid until:38. 1. 15. 오후 9:00
[2025-22:50:45.244][DEBUG][jdk.event.security.log:line274] [thread: main] [time: 22:50:45] - X509Certificate: Alg:SHA384withECDSA, Serial:ba15afa1ddfa0b54944afcd24a06cec, Subject:CN=DigiCert Assured ID Root G3, OU=www.digicert.com, O=DigiCert Inc, C=US, Issuer:CN=DigiCert Assured ID Root G3, OU=www.digicert.com, O=DigiCert Inc, C=US, Key type:EC, Length:384, Cert Id:-645537245, Valid from:13. 8. 1. 오후 9:00, Valid until:38. 1. 15. 오후 9:00
[2025-22:50:45.244][DEBUG][jdk.event.security.log:line274] [thread: main] [time: 22:50:45] - X509Certificate: Alg:SHA1withRSA, Serial:ce7e0e517d846fe8fe560fc1bf03039, Subject:CN=DigiCert Assured ID Root CA, OU=www.digicert.com, O=DigiCert Inc, C=US, Issuer:CN=DigiCert Assured ID Root CA, OU=www.digicert.com, O=DigiCert Inc, C=US, Key type:RSA, Length:2048, Cert Id:-860404528, Valid from:06. 11. 10. 오전 9:00, Valid until:31. 11. 10. 오전 9:00
[2025-22:50:45.245][DEBUG][jdk.event.security.log:line274] [thread: main] [time: 22:50:45] - X509Certificate: Alg:SHA1withRSA, Serial:83be056904246b1a1756ac95991c74a, Subject:CN=DigiCert Global Root CA, OU=www.digicert.com, O=DigiCert Inc, C=US, Issuer:CN=DigiCert Global Root CA, OU=www.digicert.com, O=DigiCert Inc, C=US, Key type:RSA, Length:2048, Cert Id:1341898239, Valid from:06. 11. 10. 오전 9:00, Valid until:31. 11. 10. 오전 9:00
[2025-22:50:45.246][DEBUG][jdk.event.security.log:line274] [thread: main] [time: 22:50:45] - X509Certificate: Alg:SHA256withRSA, Serial:33af1e6a711a9a0bb2864b11d09fae5, Subject:CN=DigiCert Global Root G2, OU=www.digicert.com, O=DigiCert Inc, C=US, Issuer:CN=DigiCert Global Root G2, OU=www.digicert.com, O=DigiCert Inc, C=US, Key type:RSA, Length:2048, Cert Id:1136084297, Valid from:13. 8. 1. 오후 9:00, Valid until:38. 1. 15. 오후 9:00
[2025-22:50:45.246][DEBUG][jdk.event.security.log:line274] [thread: main] [time: 22:50:45] - X509Certificate: Alg:SHA384withECDSA, Serial:55556bcf25ea43535c3a40fd5ab4572, Subject:CN=DigiCert Global Root G3, OU=www.digicert.com, O=DigiCert Inc, C=US, Issuer:CN=DigiCert Global Root G3, OU=www.digicert.com, O=DigiCert Inc, C=US, Key type:EC, Length:384, Cert Id:-795968543, Valid from:13. 8. 1. 오후 9:00, Valid until:38. 1. 15. 오후 9:00
[2025-22:50:45.247][DEBUG][jdk.event.security.log:line274] [thread: main] [time: 22:50:45] - X509Certificate: Alg:SHA1withRSA, Serial:2ac5c266a0b409b8f0b79f2ae462577, Subject:CN=DigiCert High Assurance EV Root CA, OU=www.digicert.com, O=DigiCert Inc, C=US, Issuer:CN=DigiCert High Assurance EV Root CA, OU=www.digicert.com, O=DigiCert Inc, C=US, Key type:RSA, Length:2048, Cert Id:-1410680354, Valid from:06. 11. 10. 오전 9:00, Valid until:31. 11. 10. 오전 9:00
[2025-22:50:45.247][DEBUG][jdk.event.security.log:line274] [thread: main] [time: 22:50:45] - X509Certificate: Alg:SHA384withRSA, Serial:59b1b579e8e2132e23907bda777755c, Subject:CN=DigiCert Trusted Root G4, OU=www.digicert.com, O=DigiCert Inc, C=US, Issuer:CN=DigiCert Trusted Root G4, OU=www.digicert.com, O=DigiCert Inc, C=US, Key type:RSA, Length:4096, Cert Id:1057369358, Valid from:13. 8. 1. 오후 9:00, Valid until:38. 1. 15. 오후 9:00
[2025-22:50:45.249][DEBUG][jdk.event.security.log:line274] [thread: main] [time: 22:50:45] - X509Certificate: Alg:SHA256withRSA, Serial:983f3, Subject:CN=D-TRUST Root Class 3 CA 2 2009, O=D-Trust GmbH, C=DE, Issuer:CN=D-TRUST Root Class 3 CA 2 2009, O=D-Trust GmbH, C=DE, Key type:RSA, Length:2048, Cert Id:1430153102, Valid from:09. 11. 5. 오후 5:35, Valid until:29. 11. 5. 오후 5:35
[2025-22:50:45.250][DEBUG][jdk.event.security.log:line274] [thread: main] [time: 22:50:45] - X509Certificate: Alg:SHA256withRSA, Serial:983f4, Subject:CN=D-TRUST Root Class 3 CA 2 EV 2009, O=D-Trust GmbH, C=DE, Issuer:CN=D-TRUST Root Class 3 CA 2 EV 2009, O=D-Trust GmbH, C=DE, Key type:RSA, Length:2048, Cert Id:971313728, Valid from:09. 11. 5. 오후 5:50, Valid until:29. 11. 5. 오후 5:50
[2025-22:50:45.251][DEBUG][jdk.event.security.log:line274] [thread: main] [time: 22:50:45] - X509Certificate: Alg:SHA1withRSA, Serial:3863def8, Subject:CN=Entrust.net Certification Authority (2048), OU=(c) 1999 Entrust.net Limited, OU=www.entrust.net/CPS_2048 incorp. by ref. (limits liab.), O=Entrust.net, Issuer:CN=Entrust.net Certification Authority (2048), OU=(c) 1999 Entrust.net Limited, OU=www.entrust.net/CPS_2048 incorp. by ref. (limits liab.), O=Entrust.net, Key type:RSA, Length:2048, Cert Id:-328536082, Valid from:99. 12. 25. 오전 2:50, Valid until:29. 7. 24. 오후 11:15
[2025-22:50:45.253][DEBUG][jdk.event.security.log:line274] [thread: main] [time: 22:50:45] - X509Certificate: Alg:SHA1withRSA, Serial:456b5054, Subject:CN=Entrust Root Certification Authority, OU="(c) 2006 Entrust, Inc.", OU=www.entrust.net/CPS is incorporated by reference, O="Entrust, Inc.", C=US, Issuer:CN=Entrust Root Certification Authority, OU="(c) 2006 Entrust, Inc.", OU=www.entrust.net/CPS is incorporated by reference, O="Entrust, Inc.", C=US, Key type:RSA, Length:2048, Cert Id:-1261404096, Valid from:06. 11. 28. 오전 5:23, Valid until:26. 11. 28. 오전 5:53
[2025-22:50:45.254][DEBUG][jdk.event.security.log:line274] [thread: main] [time: 22:50:45] - X509Certificate: Alg:SHA384withECDSA, Serial:a68b79290000000050d091f9, Subject:CN=Entrust Root Certification Authority - EC1, OU="(c) 2012 Entrust, Inc. - for authorized use only", OU=See www.entrust.net/legal-terms, O="Entrust, Inc.", C=US, Issuer:CN=Entrust Root Certification Authority - EC1, OU="(c) 2012 Entrust, Inc. - for authorized use only", OU=See www.entrust.net/legal-terms, O="Entrust, Inc.", C=US, Key type:EC, Length:384, Cert Id:924514073, Valid from:12. 12. 19. 오전 12:25, Valid until:37. 12. 19. 오전 12:55
[2025-22:50:45.255][DEBUG][jdk.event.security.log:line274] [thread: main] [time: 22:50:45] - X509Certificate: Alg:SHA256withRSA, Serial:4a538c28, Subject:CN=Entrust Root Certification Authority - G2, OU="(c) 2009 Entrust, Inc. - for authorized use only", OU=See www.entrust.net/legal-terms, O="Entrust, Inc.", C=US, Issuer:CN=Entrust Root Certification Authority - G2, OU="(c) 2009 Entrust, Inc. - for authorized use only", OU=See www.entrust.net/legal-terms, O="Entrust, Inc.", C=US, Key type:RSA, Length:2048, Cert Id:1936920337, Valid from:09. 7. 8. 오전 2:25, Valid until:30. 12. 8. 오전 2:55
[2025-22:50:45.256][DEBUG][jdk.event.security.log:line274] [thread: main] [time: 22:50:45] - X509Certificate: Alg:SHA256withRSA, Serial:d9b5437fafa9390f000000005565ad58, Subject:CN=Entrust Root Certification Authority - G4, OU="(c) 2015 Entrust, Inc. - for authorized use only", OU=See www.entrust.net/legal-terms, O="Entrust, Inc.", C=US, Issuer:CN=Entrust Root Certification Authority - G4, OU="(c) 2015 Entrust, Inc. - for authorized use only", OU=See www.entrust.net/legal-terms, O="Entrust, Inc.", C=US, Key type:RSA, Length:4096, Cert Id:1368037548, Valid from:15. 5. 27. 오후 8:11, Valid until:37. 12. 27. 오후 8:41
[2025-22:50:45.256][DEBUG][jdk.event.security.log:line274] [thread: main] [time: 22:50:45] - X509Certificate: Alg:SHA1withRSA, Serial:23456, Subject:CN=GeoTrust Global CA, O=GeoTrust Inc., C=US, Issuer:CN=GeoTrust Global CA, O=GeoTrust Inc., C=US, Key type:RSA, Length:2048, Cert Id:-2028617374, Valid from:02. 5. 21. 오후 1:00, Valid until:22. 5. 21. 오후 1:00
[2025-22:50:45.258][DEBUG][jdk.event.security.log:line274] [thread: main] [time: 22:50:45] - X509Certificate: Alg:SHA1withRSA, Serial:18acb56afd69b6153a636cafdafac4a1, Subject:CN=GeoTrust Primary Certification Authority, O=GeoTrust Inc., C=US, Issuer:CN=GeoTrust Primary Certification Authority, O=GeoTrust Inc., C=US, Key type:RSA, Length:2048, Cert Id:-965345157, Valid from:06. 11. 27. 오전 9:00, Valid until:36. 7. 17. 오전 8:59
[2025-22:50:45.259][DEBUG][jdk.event.security.log:line274] [thread: main] [time: 22:50:45] - X509Certificate: Alg:SHA384withECDSA, Serial:3cb2f4480a00e2feeb243b5e603ec36b, Subject:CN=GeoTrust Primary Certification Authority - G2, OU=(c) 2007 GeoTrust Inc. - For authorized use only, O=GeoTrust Inc., C=US, Issuer:CN=GeoTrust Primary Certification Authority - G2, OU=(c) 2007 GeoTrust Inc. - For authorized use only, O=GeoTrust Inc., C=US, Key type:EC, Length:384, Cert Id:-1114303822, Valid from:07. 11. 5. 오전 9:00, Valid until:38. 1. 19. 오전 8:59
[2025-22:50:45.260][DEBUG][jdk.event.security.log:line274] [thread: main] [time: 22:50:45] - X509Certificate: Alg:SHA256withRSA, Serial:15ac6e9419b2794b41f627a9c3180f1f, Subject:CN=GeoTrust Primary Certification Authority - G3, OU=(c) 2008 GeoTrust Inc. - For authorized use only, O=GeoTrust Inc., C=US, Issuer:CN=GeoTrust Primary Certification Authority - G3, OU=(c) 2008 GeoTrust Inc. - For authorized use only, O=GeoTrust Inc., C=US, Key type:RSA, Length:2048, Cert Id:-1330153758, Valid from:08. 4. 2. 오전 9:00, Valid until:37. 12. 2. 오전 8:59
[2025-22:50:45.261][DEBUG][jdk.event.security.log:line274] [thread: main] [time: 22:50:45] - X509Certificate: Alg:SHA1withRSA, Serial:1, Subject:CN=GeoTrust Universal CA, O=GeoTrust Inc., C=US, Issuer:CN=GeoTrust Universal CA, O=GeoTrust Inc., C=US, Key type:RSA, Length:4096, Cert Id:313566089, Valid from:04. 3. 4. 오후 2:00, Valid until:29. 3. 4. 오후 2:00
[2025-22:50:45.262][DEBUG][jdk.event.security.log:line274] [thread: main] [time: 22:50:45] - X509Certificate: Alg:SHA1withRSA, Serial:40000000001154b5ac394, Subject:CN=GlobalSign Root CA, OU=Root CA, O=GlobalSign nv-sa, C=BE, Issuer:CN=GlobalSign Root CA, OU=Root CA, O=GlobalSign nv-sa, C=BE, Key type:RSA, Length:2048, Cert Id:536948034, Valid from:98. 9. 1. 오후 9:00, Valid until:28. 1. 28. 오후 9:00
[2025-22:50:45.262][DEBUG][jdk.event.security.log:line274] [thread: main] [time: 22:50:45] - X509Certificate: Alg:SHA256withECDSA, Serial:2a38a41c960a04de42b228a50be8349802, Subject:CN=GlobalSign, O=GlobalSign, OU=GlobalSign ECC Root CA - R4, Issuer:CN=GlobalSign, O=GlobalSign, OU=GlobalSign ECC Root CA - R4, Key type:EC, Length:256, Cert Id:-1923273545, Valid from:12. 11. 13. 오전 9:00, Valid until:38. 1. 19. 오후 12:14
[2025-22:50:45.263][DEBUG][jdk.event.security.log:line274] [thread: main] [time: 22:50:45] - X509Certificate: Alg:SHA384withECDSA, Serial:605949e0262ebb55f90a778a71f94ad86c, Subject:CN=GlobalSign, O=GlobalSign, OU=GlobalSign ECC Root CA - R5, Issuer:CN=GlobalSign, O=GlobalSign, OU=GlobalSign ECC Root CA - R5, Key type:EC, Length:384, Cert Id:1997048439, Valid from:12. 11. 13. 오전 9:00, Valid until:38. 1. 19. 오후 12:14
[2025-22:50:45.263][DEBUG][jdk.event.security.log:line274] [thread: main] [time: 22:50:45] - X509Certificate: Alg:SHA256withRSA, Serial:4000000000121585308a2, Subject:CN=GlobalSign, O=GlobalSign, OU=GlobalSign Root CA - R3, Issuer:CN=GlobalSign, O=GlobalSign, OU=GlobalSign Root CA - R3, Key type:RSA, Length:2048, Cert Id:733875591, Valid from:09. 3. 18. 오후 7:00, Valid until:29. 3. 18. 오후 7:00
[2025-22:50:45.264][DEBUG][jdk.event.security.log:line274] [thread: main] [time: 22:50:45] - X509Certificate: Alg:SHA384withRSA, Serial:45e6bb038333c3856548e6ff4551, Subject:CN=GlobalSign, O=GlobalSign, OU=GlobalSign Root CA - R6, Issuer:CN=GlobalSign, O=GlobalSign, OU=GlobalSign Root CA - R6, Key type:RSA, Length:4096, Cert Id:-506627753, Valid from:14. 12. 10. 오전 9:00, Valid until:34. 12. 10. 오전 9:00
[2025-22:50:45.264][DEBUG][jdk.event.security.log:line274] [thread: main] [time: 22:50:45] - X509Certificate: Alg:SHA1withRSA, Serial:0, Subject:OU=Go Daddy Class 2 Certification Authority, O="The Go Daddy Group, Inc.", C=US, Issuer:OU=Go Daddy Class 2 Certification Authority, O="The Go Daddy Group, Inc.", C=US, Key type:RSA, Length:2048, Cert Id:-271444299, Valid from:04. 6. 30. 오전 2:06, Valid until:34. 6. 30. 오전 2:06
[2025-22:50:45.264][DEBUG][jdk.event.security.log:line274] [thread: main] [time: 22:50:45] - X509Certificate: Alg:SHA256withRSA, Serial:0, Subject:CN=Go Daddy Root Certificate Authority - G2, O="GoDaddy.com, Inc.", L=Scottsdale, ST=Arizona, C=US, Issuer:CN=Go Daddy Root Certificate Authority - G2, O="GoDaddy.com, Inc.", L=Scottsdale, ST=Arizona, C=US, Key type:RSA, Length:2048, Cert Id:439600313, Valid from:09. 9. 1. 오전 9:00, Valid until:38. 1. 1. 오전 8:59
[2025-22:50:45.265][DEBUG][jdk.event.security.log:line274] [thread: main] [time: 22:50:45] - X509Certificate: Alg:SHA256withECDSA, Serial:0, Subject:CN=Hellenic Academic and Research Institutions ECC RootCA 2015, O=Hellenic Academic and Research Institutions Cert. Authority, L=Athens, C=GR, Issuer:CN=Hellenic Academic and Research Institutions ECC RootCA 2015, O=Hellenic Academic and Research Institutions Cert. Authority, L=Athens, C=GR, Key type:EC, Length:384, Cert Id:513613456, Valid from:15. 7. 7. 오후 7:37, Valid until:40. 6. 30. 오후 7:37
[2025-22:50:45.265][DEBUG][jdk.event.security.log:line274] [thread: main] [time: 22:50:45] - X509Certificate: Alg:SHA256withRSA, Serial:0, Subject:CN=Hellenic Academic and Research Institutions RootCA 2015, O=Hellenic Academic and Research Institutions Cert. Authority, L=Athens, C=GR, Issuer:CN=Hellenic Academic and Research Institutions RootCA 2015, O=Hellenic Academic and Research Institutions Cert. Authority, L=Athens, C=GR, Key type:RSA, Length:4096, Cert Id:-802976731, Valid from:15. 7. 7. 오후 7:11, Valid until:40. 6. 30. 오후 7:11
[2025-22:50:45.266][DEBUG][jdk.event.security.log:line274] [thread: main] [time: 22:50:45] - X509Certificate: Alg:SHA256withRSA, Serial:a0142800000014523c844b500000002, Subject:CN=IdenTrust Commercial Root CA 1, O=IdenTrust, C=US, Issuer:CN=IdenTrust Commercial Root CA 1, O=IdenTrust, C=US, Key type:RSA, Length:4096, Cert Id:1232565210, Valid from:14. 1. 17. 오전 3:12, Valid until:34. 1. 17. 오전 3:12
[2025-22:50:45.266][DEBUG][jdk.event.security.log:line274] [thread: main] [time: 22:50:45] - X509Certificate: Alg:SHA256withRSA, Serial:a0142800000014523cf467c00000002, Subject:CN=IdenTrust Public Sector Root CA 1, O=IdenTrust, C=US, Issuer:CN=IdenTrust Public Sector Root CA 1, O=IdenTrust, C=US, Key type:RSA, Length:4096, Cert Id:2123370772, Valid from:14. 1. 17. 오전 2:53, Valid until:34. 1. 17. 오전 2:53
[2025-22:50:45.267][DEBUG][jdk.event.security.log:line274] [thread: main] [time: 22:50:45] - X509Certificate: Alg:SHA256withRSA, Serial:8210cfb0d240e3594463e0bb63828b00, Subject:CN=ISRG Root X1, O=Internet Security Research Group, C=US, Issuer:CN=ISRG Root X1, O=Internet Security Research Group, C=US, Key type:RSA, Length:4096, Cert Id:1521974916, Valid from:15. 6. 4. 오후 8:04, Valid until:35. 6. 4. 오후 8:04
[2025-22:50:45.267][DEBUG][jdk.event.security.log:line274] [thread: main] [time: 22:50:45] - X509Certificate: Alg:SHA256withRSA, Serial:a7ea6df4b449eda6a24859ee6b815d3167fbbb1, Subject:CN=LuxTrust Global Root 2, O=LuxTrust S.A., C=LU, Issuer:CN=LuxTrust Global Root 2, O=LuxTrust S.A., C=LU, Key type:RSA, Length:4096, Cert Id:-1239330694, Valid from:15. 3. 5. 오후 10:21, Valid until:35. 3. 5. 오후 10:21
[2025-22:50:45.268][DEBUG][jdk.event.security.log:line274] [thread: main] [time: 22:50:45] - X509Certificate: Alg:SHA256withRSA, Serial:bb8, Subject:CN=LuxTrust Global Root, O=LuxTrust s.a., C=LU, Issuer:CN=LuxTrust Global Root, O=LuxTrust s.a., C=LU, Key type:RSA, Length:2048, Cert Id:1714819687, Valid from:11. 3. 17. 오후 6:51, Valid until:21. 3. 17. 오후 6:51
[2025-22:50:45.269][DEBUG][jdk.event.security.log:line274] [thread: main] [time: 22:50:45] - X509Certificate: Alg:SHA1withRSA, Serial:3ab6508b, Subject:CN=QuoVadis Root Certification Authority, OU=Root Certification Authority, O=QuoVadis Limited, C=BM, Issuer:CN=QuoVadis Root Certification Authority, OU=Root Certification Authority, O=QuoVadis Limited, C=BM, Key type:RSA, Length:2048, Cert Id:-1882405602, Valid from:01. 3. 20. 오전 3:33, Valid until:21. 3. 18. 오전 3:33
[2025-22:50:45.270][DEBUG][jdk.event.security.log:line274] [thread: main] [time: 22:50:45] - X509Certificate: Alg:SHA256withRSA, Serial:78585f2ead2c194be3370735341328b596d46593, Subject:CN=QuoVadis Root CA 1 G3, O=QuoVadis Limited, C=BM, Issuer:CN=QuoVadis Root CA 1 G3, O=QuoVadis Limited, C=BM, Key type:RSA, Length:4096, Cert Id:-762436034, Valid from:12. 1. 13. 오전 2:27, Valid until:42. 1. 13. 오전 2:27
[2025-22:50:45.271][DEBUG][jdk.event.security.log:line274] [thread: main] [time: 22:50:45] - X509Certificate: Alg:SHA1withRSA, Serial:509, Subject:CN=QuoVadis Root CA 2, O=QuoVadis Limited, C=BM, Issuer:CN=QuoVadis Root CA 2, O=QuoVadis Limited, C=BM, Key type:RSA, Length:4096, Cert Id:338250116, Valid from:06. 11. 25. 오전 3:27, Valid until:31. 11. 25. 오전 3:23
[2025-22:50:45.271][DEBUG][jdk.event.security.log:line274] [thread: main] [time: 22:50:45] - X509Certificate: Alg:SHA256withRSA, Serial:445734245b81899b35f2ceb82b3b5ba726f07528, Subject:CN=QuoVadis Root CA 2 G3, O=QuoVadis Limited, C=BM, Issuer:CN=QuoVadis Root CA 2 G3, O=QuoVadis Limited, C=BM, Key type:RSA, Length:4096, Cert Id:696763521, Valid from:12. 1. 13. 오전 3:59, Valid until:42. 1. 13. 오전 3:59
[2025-22:50:45.272][DEBUG][jdk.event.security.log:line274] [thread: main] [time: 22:50:45] - X509Certificate: Alg:SHA1withRSA, Serial:5c6, Subject:CN=QuoVadis Root CA 3, O=QuoVadis Limited, C=BM, Issuer:CN=QuoVadis Root CA 3, O=QuoVadis Limited, C=BM, Key type:RSA, Length:4096, Cert Id:1470392860, Valid from:06. 11. 25. 오전 4:11, Valid until:31. 11. 25. 오전 4:06
[2025-22:50:45.273][DEBUG][jdk.event.security.log:line274] [thread: main] [time: 22:50:45] - X509Certificate: Alg:SHA256withRSA, Serial:2ef59b0228a7db7affd5a3a9eebd03a0cf126a1d, Subject:CN=QuoVadis Root CA 3 G3, O=QuoVadis Limited, C=BM, Issuer:CN=QuoVadis Root CA 3 G3, O=QuoVadis Limited, C=BM, Key type:RSA, Length:4096, Cert Id:-705622991, Valid from:12. 1. 13. 오전 5:26, Valid until:42. 1. 13. 오전 5:26
[2025-22:50:45.275][DEBUG][jdk.event.security.log:line274] [thread: main] [time: 22:50:45] - X509Certificate: Alg:SHA1withRSA, Serial:0, Subject:OU=Security Communication RootCA1, O=SECOM Trust.net, C=JP, Issuer:OU=Security Communication RootCA1, O=SECOM Trust.net, C=JP, Key type:RSA, Length:2048, Cert Id:1802358121, Valid from:03. 9. 30. 오후 1:20, Valid until:23. 9. 30. 오후 1:20
[2025-22:50:45.276][DEBUG][jdk.event.security.log:line274] [thread: main] [time: 22:50:45] - X509Certificate: Alg:SHA256withRSA, Serial:0, Subject:OU=Security Communication RootCA2, O="SECOM Trust Systems CO.,LTD.", C=JP, Issuer:OU=Security Communication RootCA2, O="SECOM Trust Systems CO.,LTD.", C=JP, Key type:RSA, Length:2048, Cert Id:1521072570, Valid from:09. 5. 29. 오후 2:00, Valid until:29. 5. 29. 오후 2:00
[2025-22:50:45.276][DEBUG][jdk.event.security.log:line274] [thread: main] [time: 22:50:45] - X509Certificate: Alg:SHA1withRSA, Serial:cf08e5c0816a5ad427ff0eb271859d0, Subject:CN=SecureTrust CA, O=SecureTrust Corporation, C=US, Issuer:CN=SecureTrust CA, O=SecureTrust Corporation, C=US, Key type:RSA, Length:2048, Cert Id:2034155325, Valid from:06. 11. 8. 오전 4:31, Valid until:30. 1. 1. 오전 4:40
[2025-22:50:45.277][DEBUG][jdk.event.security.log:line274] [thread: main] [time: 22:50:45] - X509Certificate: Alg:SHA256withECDSA, Serial:75e6dfcbc1685ba8, Subject:CN=SSL.com Root Certification Authority ECC, O=SSL Corporation, L=Houston, ST=Texas, C=US, Issuer:CN=SSL.com Root Certification Authority ECC, O=SSL Corporation, L=Houston, ST=Texas, C=US, Key type:EC, Length:384, Cert Id:-1368293613, Valid from:16. 2. 13. 오전 3:14, Valid until:41. 2. 13. 오전 3:14
[2025-22:50:45.278][DEBUG][jdk.event.security.log:line274] [thread: main] [time: 22:50:45] - X509Certificate: Alg:SHA256withRSA, Serial:56b629cd34bc78f6, Subject:CN=SSL.com EV Root Certification Authority RSA R2, O=SSL Corporation, L=Houston, ST=Texas, C=US, Issuer:CN=SSL.com EV Root Certification Authority RSA R2, O=SSL Corporation, L=Houston, ST=Texas, C=US, Key type:RSA, Length:4096, Cert Id:1381862403, Valid from:17. 6. 1. 오전 3:14, Valid until:42. 5. 31. 오전 3:14
[2025-22:50:45.278][DEBUG][jdk.event.security.log:line274] [thread: main] [time: 22:50:45] - X509Certificate: Alg:SHA256withRSA, Serial:7b2c9bd316803299, Subject:CN=SSL.com Root Certification Authority RSA, O=SSL Corporation, L=Houston, ST=Texas, C=US, Issuer:CN=SSL.com Root Certification Authority RSA, O=SSL Corporation, L=Houston, ST=Texas, C=US, Key type:RSA, Length:4096, Cert Id:156725711, Valid from:16. 2. 13. 오전 2:39, Valid until:41. 2. 13. 오전 2:39
[2025-22:50:45.279][DEBUG][jdk.event.security.log:line274] [thread: main] [time: 22:50:45] - X509Certificate: Alg:SHA1withRSA, Serial:0, Subject:OU=Starfield Class 2 Certification Authority, O="Starfield Technologies, Inc.", C=US, Issuer:OU=Starfield Class 2 Certification Authority, O="Starfield Technologies, Inc.", C=US, Key type:RSA, Length:2048, Cert Id:1825617644, Valid from:04. 6. 30. 오전 2:39, Valid until:34. 6. 30. 오전 2:39
[2025-22:50:45.279][DEBUG][jdk.event.security.log:line274] [thread: main] [time: 22:50:45] - X509Certificate: Alg:SHA256withRSA, Serial:0, Subject:CN=Starfield Root Certificate Authority - G2, O="Starfield Technologies, Inc.", L=Scottsdale, ST=Arizona, C=US, Issuer:CN=Starfield Root Certificate Authority - G2, O="Starfield Technologies, Inc.", L=Scottsdale, ST=Arizona, C=US, Key type:RSA, Length:2048, Cert Id:-1026641587, Valid from:09. 9. 1. 오전 9:00, Valid until:38. 1. 1. 오전 8:59
[2025-22:50:45.280][DEBUG][jdk.event.security.log:line274] [thread: main] [time: 22:50:45] - X509Certificate: Alg:SHA256withRSA, Serial:0, Subject:CN=Starfield Services Root Certificate Authority - G2, O="Starfield Technologies, Inc.", L=Scottsdale, ST=Arizona, C=US, Issuer:CN=Starfield Services Root Certificate Authority - G2, O="Starfield Technologies, Inc.", L=Scottsdale, ST=Arizona, C=US, Key type:RSA, Length:2048, Cert Id:1964785574, Valid from:09. 9. 1. 오전 9:00, Valid until:38. 1. 1. 오전 8:59
[2025-22:50:45.280][DEBUG][jdk.event.security.log:line274] [thread: main] [time: 22:50:45] - X509Certificate: Alg:SHA1withRSA, Serial:bb401c43f55e4fb0, Subject:CN=SwissSign Gold CA - G2, O=SwissSign AG, C=CH, Issuer:CN=SwissSign Gold CA - G2, O=SwissSign AG, C=CH, Key type:RSA, Length:4096, Cert Id:1516221943, Valid from:06. 10. 25. 오후 5:30, Valid until:36. 10. 25. 오후 5:30
[2025-22:50:45.281][DEBUG][jdk.event.security.log:line274] [thread: main] [time: 22:50:45] - X509Certificate: Alg:SHA1withRSA, Serial:4eb200670c035d4f, Subject:CN=SwissSign Platinum CA - G2, O=SwissSign AG, C=CH, Issuer:CN=SwissSign Platinum CA - G2, O=SwissSign AG, C=CH, Key type:RSA, Length:4096, Cert Id:771312514, Valid from:06. 10. 25. 오후 5:36, Valid until:36. 10. 25. 오후 5:36
[2025-22:50:45.282][DEBUG][jdk.event.security.log:line274] [thread: main] [time: 22:50:45] - X509Certificate: Alg:SHA1withRSA, Serial:4f1bd42f54bb2f4b, Subject:CN=SwissSign Silver CA - G2, O=SwissSign AG, C=CH, Issuer:CN=SwissSign Silver CA - G2, O=SwissSign AG, C=CH, Key type:RSA, Length:4096, Cert Id:126726124, Valid from:06. 10. 25. 오후 5:32, Valid until:36. 10. 25. 오후 5:32
[2025-22:50:45.282][DEBUG][jdk.event.security.log:line274] [thread: main] [time: 22:50:45] - X509Certificate: Alg:SHA1withRSA, Serial:95be16a0f72e46f17b398272fa8bcd96, Subject:CN=TeliaSonera Root CA v1, O=TeliaSonera, Issuer:CN=TeliaSonera Root CA v1, O=TeliaSonera, Key type:RSA, Length:4096, Cert Id:1495358374, Valid from:07. 10. 18. 오후 9:00, Valid until:32. 10. 18. 오후 9:00
[2025-22:50:45.283][DEBUG][jdk.event.security.log:line274] [thread: main] [time: 22:50:45] - X509Certificate: Alg:SHA1withRSA, Serial:344ed55720d5edec49f42fce37db2b6d, Subject:CN=thawte Primary Root CA, OU="(c) 2006 thawte, Inc. - For authorized use only", OU=Certification Services Division, O="thawte, Inc.", C=US, Issuer:CN=thawte Primary Root CA, OU="(c) 2006 thawte, Inc. - For authorized use only", OU=Certification Services Division, O="thawte, Inc.", C=US, Key type:RSA, Length:2048, Cert Id:643000026, Valid from:06. 11. 17. 오전 9:00, Valid until:36. 7. 17. 오전 8:59
[2025-22:50:45.283][DEBUG][jdk.event.security.log:line274] [thread: main] [time: 22:50:45] - X509Certificate: Alg:SHA384withECDSA, Serial:35fc265cd9844fc93d263d579baed756, Subject:CN=thawte Primary Root CA - G2, OU="(c) 2007 thawte, Inc. - For authorized use only", O="thawte, Inc.", C=US, Issuer:CN=thawte Primary Root CA - G2, OU="(c) 2007 thawte, Inc. - For authorized use only", O="thawte, Inc.", C=US, Key type:EC, Length:384, Cert Id:2068083090, Valid from:07. 11. 5. 오전 9:00, Valid until:38. 1. 19. 오전 8:59
[2025-22:50:45.284][DEBUG][jdk.event.security.log:line274] [thread: main] [time: 22:50:45] - X509Certificate: Alg:SHA256withRSA, Serial:600197b746a7eab4b49ad64b2ff790fb, Subject:CN=thawte Primary Root CA - G3, OU="(c) 2008 thawte, Inc. - For authorized use only", OU=Certification Services Division, O="thawte, Inc.", C=US, Issuer:CN=thawte Primary Root CA - G3, OU="(c) 2008 thawte, Inc. - For authorized use only", OU=Certification Services Division, O="thawte, Inc.", C=US, Key type:RSA, Length:2048, Cert Id:1032730720, Valid from:08. 4. 2. 오전 9:00, Valid until:37. 12. 2. 오전 8:59
[2025-22:50:45.284][DEBUG][jdk.event.security.log:line274] [thread: main] [time: 22:50:45] - X509Certificate: Alg:SHA256withRSA, Serial:1, Subject:CN=T-TeleSec GlobalRoot Class 2, OU=T-Systems Trust Center, O=T-Systems Enterprise Services GmbH, C=DE, Issuer:CN=T-TeleSec GlobalRoot Class 2, OU=T-Systems Trust Center, O=T-Systems Enterprise Services GmbH, C=DE, Key type:RSA, Length:2048, Cert Id:-1238464039, Valid from:08. 10. 1. 오후 7:40, Valid until:33. 10. 2. 오전 8:59
[2025-22:50:45.285][DEBUG][jdk.event.security.log:line274] [thread: main] [time: 22:50:45] - X509Certificate: Alg:SHA256withRSA, Serial:1, Subject:CN=T-TeleSec GlobalRoot Class 3, OU=T-Systems Trust Center, O=T-Systems Enterprise Services GmbH, C=DE, Issuer:CN=T-TeleSec GlobalRoot Class 3, OU=T-Systems Trust Center, O=T-Systems Enterprise Services GmbH, C=DE, Key type:RSA, Length:2048, Cert Id:1894096264, Valid from:08. 10. 1. 오후 7:29, Valid until:33. 10. 2. 오전 8:59
[2025-22:50:45.286][DEBUG][jdk.event.security.log:line274] [thread: main] [time: 22:50:45] - X509Certificate: Alg:SHA384withECDSA, Serial:5c8b99c55a94c5d27156decd8980cc26, Subject:CN=USERTrust ECC Certification Authority, O=The USERTRUST Network, L=Jersey City, ST=New Jersey, C=US, Issuer:CN=USERTrust ECC Certification Authority, O=The USERTRUST Network, L=Jersey City, ST=New Jersey, C=US, Key type:EC, Length:384, Cert Id:-965679910, Valid from:10. 2. 1. 오전 9:00, Valid until:38. 1. 19. 오전 8:59
[2025-22:50:45.286][DEBUG][jdk.event.security.log:line274] [thread: main] [time: 22:50:45] - X509Certificate: Alg:SHA384withRSA, Serial:1fd6d30fca3ca51a81bbc640e35032d, Subject:CN=USERTrust RSA Certification Authority, O=The USERTRUST Network, L=Jersey City, ST=New Jersey, C=US, Issuer:CN=USERTrust RSA Certification Authority, O=The USERTRUST Network, L=Jersey City, ST=New Jersey, C=US, Key type:RSA, Length:4096, Cert Id:-347365895, Valid from:10. 2. 1. 오전 9:00, Valid until:38. 1. 19. 오전 8:59
[2025-22:50:45.287][DEBUG][jdk.event.security.log:line274] [thread: main] [time: 22:50:45] - X509Certificate: Alg:SHA1withRSA, Serial:44be0c8b500024b411d3362de0b35f1b, Subject:CN=UTN-USERFirst-Object, OU=http://www.usertrust.com, O=The USERTRUST Network, L=Salt Lake City, ST=UT, C=US, Issuer:CN=UTN-USERFirst-Object, OU=http://www.usertrust.com, O=The USERTRUST Network, L=Salt Lake City, ST=UT, C=US, Key type:RSA, Length:2048, Cert Id:-297053428, Valid from:99. 7. 10. 오전 3:31, Valid until:19. 7. 10. 오전 3:40
[2025-22:50:45.288][DEBUG][jdk.event.security.log:line274] [thread: main] [time: 22:50:45] - X509Certificate: Alg:SHA1withRSA, Serial:9b7e0649a33e62b9d5ee90487129ef57, Subject:CN=VeriSign Class 3 Public Primary Certification Authority - G3, OU="(c) 1999 VeriSign, Inc. - For authorized use only", OU=VeriSign Trust Network, O="VeriSign, Inc.", C=US, Issuer:CN=VeriSign Class 3 Public Primary Certification Authority - G3, OU="(c) 1999 VeriSign, Inc. - For authorized use only", OU=VeriSign Trust Network, O="VeriSign, Inc.", C=US, Key type:RSA, Length:2048, Cert Id:2057300190, Valid from:99. 10. 1. 오전 9:00, Valid until:36. 7. 17. 오전 8:59
[2025-22:50:45.288][DEBUG][jdk.event.security.log:line274] [thread: main] [time: 22:50:45] - X509Certificate: Alg:SHA384withECDSA, Serial:2f80fe238c0e220f486712289187acb3, Subject:CN=VeriSign Class 3 Public Primary Certification Authority - G4, OU="(c) 2007 VeriSign, Inc. - For authorized use only", OU=VeriSign Trust Network, O="VeriSign, Inc.", C=US, Issuer:CN=VeriSign Class 3 Public Primary Certification Authority - G4, OU="(c) 2007 VeriSign, Inc. - For authorized use only", OU=VeriSign Trust Network, O="VeriSign, Inc.", C=US, Key type:EC, Length:384, Cert Id:-131493977, Valid from:07. 11. 5. 오전 9:00, Valid until:38. 1. 19. 오전 8:59
[2025-22:50:45.289][DEBUG][jdk.event.security.log:line274] [thread: main] [time: 22:50:45] - X509Certificate: Alg:SHA1withRSA, Serial:18dad19e267de8bb4a2158cdcc6b3b4a, Subject:CN=VeriSign Class 3 Public Primary Certification Authority - G5, OU="(c) 2006 VeriSign, Inc. - For authorized use only", OU=VeriSign Trust Network, O="VeriSign, Inc.", C=US, Issuer:CN=VeriSign Class 3 Public Primary Certification Authority - G5, OU="(c) 2006 VeriSign, Inc. - For authorized use only", OU=VeriSign Trust Network, O="VeriSign, Inc.", C=US, Key type:RSA, Length:2048, Cert Id:303010488, Valid from:06. 11. 8. 오전 9:00, Valid until:36. 7. 17. 오전 8:59
[2025-22:50:45.289][DEBUG][jdk.event.security.log:line274] [thread: main] [time: 22:50:45] - X509Certificate: Alg:SHA256withRSA, Serial:401ac46421b31321030ebbe4121ac51d, Subject:CN=VeriSign Universal Root Certification Authority, OU="(c) 2008 VeriSign, Inc. - For authorized use only", OU=VeriSign Trust Network, O="VeriSign, Inc.", C=US, Issuer:CN=VeriSign Universal Root Certification Authority, OU="(c) 2008 VeriSign, Inc. - For authorized use only", OU=VeriSign Trust Network, O="VeriSign, Inc.", C=US, Key type:RSA, Length:2048, Cert Id:-1976681486, Valid from:08. 4. 2. 오전 9:00, Valid until:37. 12. 2. 오전 8:59
[2025-22:50:45.290][DEBUG][jdk.event.security.log:line274] [thread: main] [time: 22:50:45] - X509Certificate: Alg:SHA1withRSA, Serial:50946cec18ead59c4dd597ef758fa0ad, Subject:CN=XRamp Global Certification Authority, O=XRamp Security Services Inc, OU=www.xrampsecurity.com, C=US, Issuer:CN=XRamp Global Certification Authority, O=XRamp Security Services Inc, OU=www.xrampsecurity.com, C=US, Key type:RSA, Length:2048, Cert Id:-952474086, Valid from:04. 11. 2. 오전 2:14, Valid until:35. 1. 1. 오후 2:37
[2025-22:50:45.371][DEBUG][jdk.event.security.log:line274] [thread: main] [time: 22:50:45] - X509Certificate: Alg:SHA256withRSA, Serial:7684531fa6a381c8dc4ad1f2cb6c329, Subject:CN=*.mail.naver.com, O=NAVER Corp., L=Seongnam-si, ST=Gyeonggi-do, C=KR, Issuer:CN=GeoTrust TLS RSA CA G1, OU=www.digicert.com, O=DigiCert Inc, C=US, Key type:RSA, Length:2048, Cert Id:2019303499, Valid from:24. 4. 15. 오전 9:00, Valid until:25. 5. 1. 오전 8:59
[2025-22:50:45.372][DEBUG][jdk.event.security.log:line274] [thread: main] [time: 22:50:45] - X509Certificate: Alg:SHA256withRSA, Serial:d07782a133fc6f9a57296e131ffd179, Subject:CN=GeoTrust TLS RSA CA G1, OU=www.digicert.com, O=DigiCert Inc, C=US, Issuer:CN=DigiCert Global Root G2, OU=www.digicert.com, O=DigiCert Inc, C=US, Key type:RSA, Length:2048, Cert Id:2112502032, Valid from:17. 11. 2. 오후 9:23, Valid until:27. 11. 2. 오후 9:23
[2025-22:50:45.382][DEBUG][jdk.event.security.log:line274] [thread: main] [time: 22:50:45] -  TLSHandshake: smtp.naver.com:465, TLSv1.3, TLS_AES_256_GCM_SHA384, 2019303499
[2025-22:50:45.463][DEBUG][com.sun.mail.smtp.log:line216] [thread: main] [time: 22:50:45] - connected to host "smtp.naver.com", port: 465
[2025-22:50:45.479][DEBUG][com.sun.mail.smtp.log:line216] [thread: main] [time: 22:50:45] - Found extension "SIZE", arg "39845888"
[2025-22:50:45.479][DEBUG][com.sun.mail.smtp.log:line216] [thread: main] [time: 22:50:45] - Found extension "8BITMIME", arg ""
[2025-22:50:45.479][DEBUG][com.sun.mail.smtp.log:line216] [thread: main] [time: 22:50:45] - Found extension "PIPELINING", arg ""
[2025-22:50:45.479][DEBUG][com.sun.mail.smtp.log:line216] [thread: main] [time: 22:50:45] - Found extension "SMTPUTF8", arg ""
[2025-22:50:45.480][DEBUG][com.sun.mail.smtp.log:line216] [thread: main] [time: 22:50:45] - Found extension "AUTH", arg "PLAIN LOGIN"
[2025-22:50:45.480][DEBUG][com.sun.mail.smtp.log:line216] [thread: main] [time: 22:50:45] - Found extension "ENHANCEDSTATUSCODES", arg ""
[2025-22:50:45.480][DEBUG][com.sun.mail.smtp.log:line216] [thread: main] [time: 22:50:45] - protocolConnect login, host=smtp.naver.com, user=neo073, password=<non-null>
[2025-22:50:45.480][DEBUG][com.sun.mail.smtp.log:line216] [thread: main] [time: 22:50:45] - Attempt to authenticate using mechanisms: LOGIN PLAIN DIGEST-MD5 NTLM XOAUTH2 
[2025-22:50:45.480][DEBUG][com.sun.mail.smtp.log:line234] [thread: main] [time: 22:50:45] - Using mechanism LOGIN
[2025-22:50:45.538][DEBUG][jakarta.activation.log:line43] [thread: main] [time: 22:50:45] - MailcapCommandMap: load HOME
[2025-22:50:45.539][DEBUG][jakarta.activation.getSystemProperty:line105] [thread: main] [time: 22:50:45] - Checking system property jakarta.activation.spi.MailcapRegistryProvider
[2025-22:50:45.539][DEBUG][jakarta.activation.logFound:line120] [thread: main] [time: 22:50:45] -   not found
[2025-22:50:45.539][DEBUG][jakarta.activation.firstByServiceLoader:line30] [thread: main] [time: 22:50:45] - Using java.util.ServiceLoader to find jakarta.activation.spi.MailcapRegistryProvider
[2025-22:50:45.541][DEBUG][jakarta.activation.firstByServiceLoader:line36] [thread: main] [time: 22:50:45] - ServiceProvider loading Facility used; returning object [org.eclipse.angus.activation.MailcapRegistryProviderImpl]
[2025-22:50:45.543][DEBUG][angus.activation.log:line46] [thread: main] [time: 22:50:45] - new MailcapFile: file C:\Users\Administrator\.mailcap
[2025-22:50:45.543][DEBUG][jakarta.activation.log:line49] [thread: main] [time: 22:50:45] - MailcapRegistry: can't load from file - C:\Users\Administrator\.mailcap
java.io.FileNotFoundException: C:\Users\Administrator\.mailcap (지정된 파일을 찾을 수 없습니다)
	at java.base/java.io.FileInputStream.open0(Native Method)
	at java.base/java.io.FileInputStream.open(FileInputStream.java:216)
	at java.base/java.io.FileInputStream.<init>(FileInputStream.java:157)
	at java.base/java.io.FileInputStream.<init>(FileInputStream.java:111)
	at java.base/java.io.FileReader.<init>(FileReader.java:60)
	at org.eclipse.angus.activation.MailcapFile.<init>(MailcapFile.java:71)
	at org.eclipse.angus.activation.MailcapRegistryProviderImpl.getByFileName(MailcapRegistryProviderImpl.java:29)
	at jakarta.activation.MailcapCommandMap.loadFile(MailcapCommandMap.java:284)
	at jakarta.activation.MailcapCommandMap.<init>(MailcapCommandMap.java:154)
	at jakarta.activation.CommandMap.getDefaultCommandMap(CommandMap.java:60)
	at jakarta.activation.DataHandler.getCommandMap(DataHandler.java:128)
	at jakarta.activation.DataHandler.getDataContentHandler(DataHandler.java:590)
	at jakarta.activation.DataHandler.writeTo(DataHandler.java:290)
	at jakarta.mail.internet.MimeUtility.getEncoding(MimeUtility.java:318)
	at jakarta.mail.internet.MimeBodyPart.updateHeaders(MimeBodyPart.java:1562)
	at jakarta.mail.internet.MimeMessage.updateHeaders(MimeMessage.java:2272)
	at jakarta.mail.internet.MimeMessage.saveChanges(MimeMessage.java:2232)
	at org.springframework.mail.javamail.JavaMailSenderImpl.doSend(JavaMailSenderImpl.java:421)
	at org.springframework.mail.javamail.JavaMailSenderImpl.send(JavaMailSenderImpl.java:350)
	at org.springframework.mail.javamail.JavaMailSender.send(JavaMailSender.java:101)
	at com.voltriver.demo.MailSenderRunner.run(MailSenderRunner.java:34)
	at org.springframework.boot.SpringApplication.lambda$callRunner$4(SpringApplication.java:784)
	at org.springframework.util.function.ThrowingConsumer$1.acceptWithException(ThrowingConsumer.java:82)
	at org.springframework.util.function.ThrowingConsumer.accept(ThrowingConsumer.java:60)
	at org.springframework.util.function.ThrowingConsumer$1.accept(ThrowingConsumer.java:86)
	at org.springframework.boot.SpringApplication.callRunner(SpringApplication.java:796)
	at org.springframework.boot.SpringApplication.callRunner(SpringApplication.java:784)
	at org.springframework.boot.SpringApplication.lambda$callRunners$3(SpringApplication.java:772)
	at java.base/java.util.stream.ForEachOps$ForEachOp$OfRef.accept(ForEachOps.java:183)
	at java.base/java.util.stream.SortedOps$SizedRefSortingSink.end(SortedOps.java:357)
	at java.base/java.util.stream.AbstractPipeline.copyInto(AbstractPipeline.java:510)
	at java.base/java.util.stream.AbstractPipeline.wrapAndCopyInto(AbstractPipeline.java:499)
	at java.base/java.util.stream.ForEachOps$ForEachOp.evaluateSequential(ForEachOps.java:150)
	at java.base/java.util.stream.ForEachOps$ForEachOp$OfRef.evaluateSequential(ForEachOps.java:173)
	at java.base/java.util.stream.AbstractPipeline.evaluate(AbstractPipeline.java:234)
	at java.base/java.util.stream.ReferencePipeline.forEach(ReferencePipeline.java:596)
	at org.springframework.boot.SpringApplication.callRunners(SpringApplication.java:772)
	at org.springframework.boot.SpringApplication.run(SpringApplication.java:325)
	at org.springframework.boot.SpringApplication.run(SpringApplication.java:1361)
	at org.springframework.boot.SpringApplication.run(SpringApplication.java:1350)
	at com.voltriver.demo.VoltriverDemoApplication.main(VoltriverDemoApplication.java:13)
[2025-22:50:45.544][DEBUG][jakarta.activation.log:line43] [thread: main] [time: 22:50:45] - MailcapCommandMap: load SYS
[2025-22:50:45.544][DEBUG][jakarta.activation.getSystemProperty:line105] [thread: main] [time: 22:50:45] - Checking system property jakarta.activation.spi.MailcapRegistryProvider
[2025-22:50:45.544][DEBUG][jakarta.activation.logFound:line120] [thread: main] [time: 22:50:45] -   not found
[2025-22:50:45.544][DEBUG][jakarta.activation.firstByServiceLoader:line30] [thread: main] [time: 22:50:45] - Using java.util.ServiceLoader to find jakarta.activation.spi.MailcapRegistryProvider
[2025-22:50:45.545][DEBUG][jakarta.activation.firstByServiceLoader:line36] [thread: main] [time: 22:50:45] - ServiceProvider loading Facility used; returning object [org.eclipse.angus.activation.MailcapRegistryProviderImpl]
[2025-22:50:45.546][DEBUG][angus.activation.log:line46] [thread: main] [time: 22:50:45] - new MailcapFile: file C:\DEV\jdk-17.0.6\conf\mailcap
[2025-22:50:45.546][DEBUG][jakarta.activation.log:line49] [thread: main] [time: 22:50:45] - MailcapRegistry: can't load from file - C:\DEV\jdk-17.0.6\conf\mailcap
java.io.FileNotFoundException: C:\DEV\jdk-17.0.6\conf\mailcap (지정된 파일을 찾을 수 없습니다)
	at java.base/java.io.FileInputStream.open0(Native Method)
	at java.base/java.io.FileInputStream.open(FileInputStream.java:216)
	at java.base/java.io.FileInputStream.<init>(FileInputStream.java:157)
	at java.base/java.io.FileInputStream.<init>(FileInputStream.java:111)
	at java.base/java.io.FileReader.<init>(FileReader.java:60)
	at org.eclipse.angus.activation.MailcapFile.<init>(MailcapFile.java:71)
	at org.eclipse.angus.activation.MailcapRegistryProviderImpl.getByFileName(MailcapRegistryProviderImpl.java:29)
	at jakarta.activation.MailcapCommandMap.loadFile(MailcapCommandMap.java:284)
	at jakarta.activation.MailcapCommandMap.<init>(MailcapCommandMap.java:164)
	at jakarta.activation.CommandMap.getDefaultCommandMap(CommandMap.java:60)
	at jakarta.activation.DataHandler.getCommandMap(DataHandler.java:128)
	at jakarta.activation.DataHandler.getDataContentHandler(DataHandler.java:590)
	at jakarta.activation.DataHandler.writeTo(DataHandler.java:290)
	at jakarta.mail.internet.MimeUtility.getEncoding(MimeUtility.java:318)
	at jakarta.mail.internet.MimeBodyPart.updateHeaders(MimeBodyPart.java:1562)
	at jakarta.mail.internet.MimeMessage.updateHeaders(MimeMessage.java:2272)
	at jakarta.mail.internet.MimeMessage.saveChanges(MimeMessage.java:2232)
	at org.springframework.mail.javamail.JavaMailSenderImpl.doSend(JavaMailSenderImpl.java:421)
	at org.springframework.mail.javamail.JavaMailSenderImpl.send(JavaMailSenderImpl.java:350)
	at org.springframework.mail.javamail.JavaMailSender.send(JavaMailSender.java:101)
	at com.voltriver.demo.MailSenderRunner.run(MailSenderRunner.java:34)
	at org.springframework.boot.SpringApplication.lambda$callRunner$4(SpringApplication.java:784)
	at org.springframework.util.function.ThrowingConsumer$1.acceptWithException(ThrowingConsumer.java:82)
	at org.springframework.util.function.ThrowingConsumer.accept(ThrowingConsumer.java:60)
	at org.springframework.util.function.ThrowingConsumer$1.accept(ThrowingConsumer.java:86)
	at org.springframework.boot.SpringApplication.callRunner(SpringApplication.java:796)
	at org.springframework.boot.SpringApplication.callRunner(SpringApplication.java:784)
	at org.springframework.boot.SpringApplication.lambda$callRunners$3(SpringApplication.java:772)
	at java.base/java.util.stream.ForEachOps$ForEachOp$OfRef.accept(ForEachOps.java:183)
	at java.base/java.util.stream.SortedOps$SizedRefSortingSink.end(SortedOps.java:357)
	at java.base/java.util.stream.AbstractPipeline.copyInto(AbstractPipeline.java:510)
	at java.base/java.util.stream.AbstractPipeline.wrapAndCopyInto(AbstractPipeline.java:499)
	at java.base/java.util.stream.ForEachOps$ForEachOp.evaluateSequential(ForEachOps.java:150)
	at java.base/java.util.stream.ForEachOps$ForEachOp$OfRef.evaluateSequential(ForEachOps.java:173)
	at java.base/java.util.stream.AbstractPipeline.evaluate(AbstractPipeline.java:234)
	at java.base/java.util.stream.ReferencePipeline.forEach(ReferencePipeline.java:596)
	at org.springframework.boot.SpringApplication.callRunners(SpringApplication.java:772)
	at org.springframework.boot.SpringApplication.run(SpringApplication.java:325)
	at org.springframework.boot.SpringApplication.run(SpringApplication.java:1361)
	at org.springframework.boot.SpringApplication.run(SpringApplication.java:1350)
	at com.voltriver.demo.VoltriverDemoApplication.main(VoltriverDemoApplication.java:13)
[2025-22:50:45.547][DEBUG][jakarta.activation.log:line43] [thread: main] [time: 22:50:45] - MailcapCommandMap: load JAR
[2025-22:50:45.548][DEBUG][jakarta.activation.log:line43] [thread: main] [time: 22:50:45] - MailcapCommandMap: getResources
[2025-22:50:45.548][DEBUG][jakarta.activation.log:line43] [thread: main] [time: 22:50:45] - MailcapCommandMap: URL jar:file:/C:/DEV/maven_repository/org/eclipse/angus/jakarta.mail/2.0.3/jakarta.mail-2.0.3.jar!/META-INF/mailcap
[2025-22:50:45.549][DEBUG][jakarta.activation.getSystemProperty:line105] [thread: main] [time: 22:50:45] - Checking system property jakarta.activation.spi.MailcapRegistryProvider
[2025-22:50:45.549][DEBUG][jakarta.activation.logFound:line120] [thread: main] [time: 22:50:45] -   not found
[2025-22:50:45.549][DEBUG][jakarta.activation.firstByServiceLoader:line30] [thread: main] [time: 22:50:45] - Using java.util.ServiceLoader to find jakarta.activation.spi.MailcapRegistryProvider
[2025-22:50:45.550][DEBUG][jakarta.activation.firstByServiceLoader:line36] [thread: main] [time: 22:50:45] - ServiceProvider loading Facility used; returning object [org.eclipse.angus.activation.MailcapRegistryProviderImpl]
[2025-22:50:45.550][DEBUG][angus.activation.log:line46] [thread: main] [time: 22:50:45] - new MailcapFile: InputStream
[2025-22:50:45.552][DEBUG][angus.activation.log:line46] [thread: main] [time: 22:50:45] - parse: text/plain;;		x-java-content-handler=org.eclipse.angus.mail.handlers.text_plain
[2025-22:50:45.552][DEBUG][angus.activation.log:line46] [thread: main] [time: 22:50:45] -   Type: text/plain
[2025-22:50:45.552][DEBUG][angus.activation.log:line46] [thread: main] [time: 22:50:45] -     Command: content-handler, Class: org.eclipse.angus.mail.handlers.text_plain
[2025-22:50:45.553][DEBUG][angus.activation.log:line46] [thread: main] [time: 22:50:45] - parse: text/html;;		x-java-content-handler=org.eclipse.angus.mail.handlers.text_html
[2025-22:50:45.553][DEBUG][angus.activation.log:line46] [thread: main] [time: 22:50:45] -   Type: text/html
[2025-22:50:45.553][DEBUG][angus.activation.log:line46] [thread: main] [time: 22:50:45] -     Command: content-handler, Class: org.eclipse.angus.mail.handlers.text_html
[2025-22:50:45.553][DEBUG][angus.activation.log:line46] [thread: main] [time: 22:50:45] - parse: text/xml;;		x-java-content-handler=org.eclipse.angus.mail.handlers.text_xml
[2025-22:50:45.553][DEBUG][angus.activation.log:line46] [thread: main] [time: 22:50:45] -   Type: text/xml
[2025-22:50:45.553][DEBUG][angus.activation.log:line46] [thread: main] [time: 22:50:45] -     Command: content-handler, Class: org.eclipse.angus.mail.handlers.text_xml
[2025-22:50:45.553][DEBUG][angus.activation.log:line46] [thread: main] [time: 22:50:45] - parse: multipart/*;;		x-java-content-handler=org.eclipse.angus.mail.handlers.multipart_mixed; x-java-fallback-entry=true
[2025-22:50:45.554][DEBUG][angus.activation.log:line46] [thread: main] [time: 22:50:45] -   Type: multipart/*
[2025-22:50:45.554][DEBUG][angus.activation.log:line46] [thread: main] [time: 22:50:45] -     Command: content-handler, Class: org.eclipse.angus.mail.handlers.multipart_mixed
[2025-22:50:45.554][DEBUG][angus.activation.log:line46] [thread: main] [time: 22:50:45] - parse: message/rfc822;;	x-java-content-handler=org.eclipse.angus.mail.handlers.message_rfc822
[2025-22:50:45.554][DEBUG][angus.activation.log:line46] [thread: main] [time: 22:50:45] -   Type: message/rfc822
[2025-22:50:45.554][DEBUG][angus.activation.log:line46] [thread: main] [time: 22:50:45] -     Command: content-handler, Class: org.eclipse.angus.mail.handlers.message_rfc822
[2025-22:50:45.554][DEBUG][jakarta.activation.log:line43] [thread: main] [time: 22:50:45] - MailcapCommandMap: successfully loaded mailcap file from URL: jar:file:/C:/DEV/maven_repository/org/eclipse/angus/jakarta.mail/2.0.3/jakarta.mail-2.0.3.jar!/META-INF/mailcap
[2025-22:50:45.554][DEBUG][jakarta.activation.log:line43] [thread: main] [time: 22:50:45] - MailcapCommandMap: URL jar:file:/C:/DEV/maven_repository/com/sun/mail/jakarta.mail/2.0.1/jakarta.mail-2.0.1.jar!/META-INF/mailcap
[2025-22:50:45.555][DEBUG][jakarta.activation.getSystemProperty:line105] [thread: main] [time: 22:50:45] - Checking system property jakarta.activation.spi.MailcapRegistryProvider
[2025-22:50:45.555][DEBUG][jakarta.activation.logFound:line120] [thread: main] [time: 22:50:45] -   not found
[2025-22:50:45.555][DEBUG][jakarta.activation.firstByServiceLoader:line30] [thread: main] [time: 22:50:45] - Using java.util.ServiceLoader to find jakarta.activation.spi.MailcapRegistryProvider
[2025-22:50:45.556][DEBUG][jakarta.activation.firstByServiceLoader:line36] [thread: main] [time: 22:50:45] - ServiceProvider loading Facility used; returning object [org.eclipse.angus.activation.MailcapRegistryProviderImpl]
[2025-22:50:45.556][DEBUG][angus.activation.log:line46] [thread: main] [time: 22:50:45] - new MailcapFile: InputStream
[2025-22:50:45.557][DEBUG][angus.activation.log:line46] [thread: main] [time: 22:50:45] - parse: text/plain;;		x-java-content-handler=com.sun.mail.handlers.text_plain
[2025-22:50:45.557][DEBUG][angus.activation.log:line46] [thread: main] [time: 22:50:45] -   Type: text/plain
[2025-22:50:45.557][DEBUG][angus.activation.log:line46] [thread: main] [time: 22:50:45] -     Command: content-handler, Class: com.sun.mail.handlers.text_plain
[2025-22:50:45.558][DEBUG][angus.activation.log:line46] [thread: main] [time: 22:50:45] - parse: text/html;;		x-java-content-handler=com.sun.mail.handlers.text_html
[2025-22:50:45.558][DEBUG][angus.activation.log:line46] [thread: main] [time: 22:50:45] -   Type: text/html
[2025-22:50:45.558][DEBUG][angus.activation.log:line46] [thread: main] [time: 22:50:45] -     Command: content-handler, Class: com.sun.mail.handlers.text_html
[2025-22:50:45.558][DEBUG][angus.activation.log:line46] [thread: main] [time: 22:50:45] - parse: text/xml;;		x-java-content-handler=com.sun.mail.handlers.text_xml
[2025-22:50:45.558][DEBUG][angus.activation.log:line46] [thread: main] [time: 22:50:45] -   Type: text/xml
[2025-22:50:45.558][DEBUG][angus.activation.log:line46] [thread: main] [time: 22:50:45] -     Command: content-handler, Class: com.sun.mail.handlers.text_xml
[2025-22:50:45.558][DEBUG][angus.activation.log:line46] [thread: main] [time: 22:50:45] - parse: multipart/*;;		x-java-content-handler=com.sun.mail.handlers.multipart_mixed; x-java-fallback-entry=true
[2025-22:50:45.558][DEBUG][angus.activation.log:line46] [thread: main] [time: 22:50:45] -   Type: multipart/*
[2025-22:50:45.558][DEBUG][angus.activation.log:line46] [thread: main] [time: 22:50:45] -     Command: content-handler, Class: com.sun.mail.handlers.multipart_mixed
[2025-22:50:45.558][DEBUG][angus.activation.log:line46] [thread: main] [time: 22:50:45] - parse: message/rfc822;;	x-java-content-handler=com.sun.mail.handlers.message_rfc822
[2025-22:50:45.559][DEBUG][angus.activation.log:line46] [thread: main] [time: 22:50:45] -   Type: message/rfc822
[2025-22:50:45.559][DEBUG][angus.activation.log:line46] [thread: main] [time: 22:50:45] -     Command: content-handler, Class: com.sun.mail.handlers.message_rfc822
[2025-22:50:45.559][DEBUG][jakarta.activation.log:line43] [thread: main] [time: 22:50:45] - MailcapCommandMap: successfully loaded mailcap file from URL: jar:file:/C:/DEV/maven_repository/com/sun/mail/jakarta.mail/2.0.1/jakarta.mail-2.0.1.jar!/META-INF/mailcap
[2025-22:50:45.559][DEBUG][jakarta.activation.log:line43] [thread: main] [time: 22:50:45] - MailcapCommandMap: load DEF
[2025-22:50:45.560][DEBUG][jakarta.activation.getSystemProperty:line105] [thread: main] [time: 22:50:45] - Checking system property jakarta.activation.spi.MailcapRegistryProvider
[2025-22:50:45.560][DEBUG][jakarta.activation.logFound:line120] [thread: main] [time: 22:50:45] -   not found
[2025-22:50:45.560][DEBUG][jakarta.activation.firstByServiceLoader:line30] [thread: main] [time: 22:50:45] - Using java.util.ServiceLoader to find jakarta.activation.spi.MailcapRegistryProvider
[2025-22:50:45.561][DEBUG][jakarta.activation.firstByServiceLoader:line36] [thread: main] [time: 22:50:45] - ServiceProvider loading Facility used; returning object [org.eclipse.angus.activation.MailcapRegistryProviderImpl]
[2025-22:50:45.561][DEBUG][angus.activation.log:line46] [thread: main] [time: 22:50:45] - new MailcapFile: InputStream
[2025-22:50:45.561][DEBUG][jakarta.activation.log:line43] [thread: main] [time: 22:50:45] - MailcapCommandMap: successfully loaded mailcap file: /META-INF/mailcap.default
[2025-22:50:45.561][DEBUG][jakarta.activation.log:line43] [thread: main] [time: 22:50:45] - MailcapCommandMap: createDataContentHandler for text/plain
[2025-22:50:45.561][DEBUG][jakarta.activation.log:line43] [thread: main] [time: 22:50:45] -   search DB #1
[2025-22:50:45.561][DEBUG][jakarta.activation.log:line43] [thread: main] [time: 22:50:45] -     got content-handler
[2025-22:50:45.561][DEBUG][jakarta.activation.log:line43] [thread: main] [time: 22:50:45] -       class org.eclipse.angus.mail.handlers.text_plain
[2025-22:50:45.567][DEBUG][com.sun.mail.smtp.log:line216] [thread: main] [time: 22:50:45] - use8bit false
[2025-22:50:45.587][DEBUG][com.sun.mail.smtp.log:line216] [thread: main] [time: 22:50:45] - Verified Addresses
[2025-22:50:45.587][DEBUG][com.sun.mail.smtp.log:line216] [thread: main] [time: 22:50:45] -   voltriver7@gmail.com
[2025-22:50:45.967][DEBUG][com.sun.mail.smtp.log:line216] [thread: main] [time: 22:50:45] - message successfully delivered to mail server
[2025-22:50:45.981][DEBUG][org.springframework.boot.availability.ApplicationAvailabilityBean.onApplicationEvent:line77] [thread: main] [time: 22:50:45] - Application availability state ReadinessState changed to ACCEPTING_TRAFFIC
